{
    "response": {
        "total": "275",
        "dateFormat": "YYYY-MM-DD\"T\"HH24",
        "frequency": "hourly",
        "data": [
            {
                "period": "2022-11-14T00",
                "subba": "ZONA",
                "subba-name": "West - NYIS",
                "parent": "NYIS",
                "parent-name": "New York Independent System Operator",
                "value": "1768",
                "value-units": "megawatthours"
            },
            {
                "period": "2022-11-14T00",
                "subba": "ZONB",
                "subba-name": "Genesee - NYIS",
                "parent": "NYIS",
                "parent-name": "New York Independent System Operator",
                "value": "1162",
                "value-units": "megawatthours"
            },
            {
                "period": "2022-11-14T00",
                "subba": "ZONC",
                "subba-name": "Central - NYIS",
                "parent": "NYIS",
                "parent-name": "New York Independent System Operator",
                "value": "1887",
                "value-units": "megawatthours"
            },
            {
                "period": "2022-11-14T00",
                "subba": "ZOND",
                "subba-name": "North - NYIS",
                "parent": "NYIS",
                "parent-name": "New York Independent System Operator",
                "value": "686",
                "value-units": "megawatthours"
            },
            {
                "period": "2022-11-14T00",
                "subba": "ZONE",
                "subba-name": "Mohawk Valley - NYIS",
                "parent": "NYIS",
                "parent-name": "New York Independent System Operator",
                "value": "872",
                "value-units": "megawatthours"
            },
            {
                "period": "2022-11-14T00",
                "subba": "ZONF",
                "subba-name": "Capital - NYIS",
                "parent": "NYIS",
                "parent-name": "New York Independent System Operator",
                "value": "1408",
                "value-units": "megawatthours"
            },
            {
                "period": "2022-11-14T00",
                "subba": "ZONG",
                "subba-name": "Hudson Valley - NYIS",
                "parent": "NYIS",
                "parent-name": "New York Independent System Operator",
                "value": "1116",
                "value-units": "megawatthours"
            },
            {
                "period": "2022-11-14T00",
                "subba": "ZONH",
                "subba-name": "Millwood - NYIS",
                "parent": "NYIS",
                "parent-name": "New York Independent System Operator",
                "value": "356",
                "value-units": "megawatthours"
            },
            {
                "period": "2022-11-14T00",
                "subba": "ZONI",
                "subba-name": "Dunwoodie - NYIS",
                "parent": "NYIS",
                "parent-name": "New York Independent System Operator",
                "value": "626",
                "value-units": "megawatthours"
            },
            {
                "period": "2022-11-14T00",
                "subba": "ZONJ",
                "subba-name": "New York City - NYIS",
                "parent": "NYIS",
                "parent-name": "New York Independent System Operator",
                "value": "5168",
                "value-units": "megawatthours"
            },
            {
                "period": "2022-11-14T00",
                "subba": "ZONK",
                "subba-name": "Long Island - NYIS",
                "parent": "NYIS",
                "parent-name": "New York Independent System Operator",
                "value": "2234",
                "value-units": "megawatthours"
            },
            {
                "period": "2022-11-13T23",
                "subba": "ZONA",
                "subba-name": "West - NYIS",
                "parent": "NYIS",
                "parent-name": "New York Independent System Operator",
                "value": "1781",
                "value-units": "megawatthours"
            },
            {
                "period": "2022-11-13T23",
                "subba": "ZONB",
                "subba-name": "Genesee - NYIS",
                "parent": "NYIS",
                "parent-name": "New York Independent System Operator",
                "value": "1180",
                "value-units": "megawatthours"
            },
            {
                "period": "2022-11-13T23",
                "subba": "ZONC",
                "subba-name": "Central - NYIS",
                "parent": "NYIS",
                "parent-name": "New York Independent System Operator",
                "value": "1918",
                "value-units": "megawatthours"
            },
            {
                "period": "2022-11-13T23",
                "subba": "ZOND",
                "subba-name": "North - NYIS",
                "parent": "NYIS",
                "parent-name": "New York Independent System Operator",
                "value": "687",
                "value-units": "megawatthours"
            },
            {
                "period": "2022-11-13T23",
                "subba": "ZONE",
                "subba-name": "Mohawk Valley - NYIS",
                "parent": "NYIS",
                "parent-name": "New York Independent System Operator",
                "value": "882",
                "value-units": "megawatthours"
            },
            {
                "period": "2022-11-13T23",
                "subba": "ZONF",
                "subba-name": "Capital - NYIS",
                "parent": "NYIS",
                "parent-name": "New York Independent System Operator",
                "value": "1423",
                "value-units": "megawatthours"
            },
            {
                "period": "2022-11-13T23",
                "subba": "ZONG",
                "subba-name": "Hudson Valley - NYIS",
                "parent": "NYIS",
                "parent-name": "New York Independent System Operator",
                "value": "1123",
                "value-units": "megawatthours"
            },
            {
                "period": "2022-11-13T23",
                "subba": "ZONH",
                "subba-name": "Millwood - NYIS",
                "parent": "NYIS",
                "parent-name": "New York Independent System Operator",
                "value": "359",
                "value-units": "megawatthours"
            },
            {
                "period": "2022-11-13T23",
                "subba": "ZONI",
                "subba-name": "Dunwoodie - NYIS",
                "parent": "NYIS",
                "parent-name": "New York Independent System Operator",
                "value": "627",
                "value-units": "megawatthours"
            },
            {
                "period": "2022-11-13T23",
                "subba": "ZONJ",
                "subba-name": "New York City - NYIS",
                "parent": "NYIS",
                "parent-name": "New York Independent System Operator",
                "value": "5155",
                "value-units": "megawatthours"
            },
            {
                "period": "2022-11-13T23",
                "subba": "ZONK",
                "subba-name": "Long Island - NYIS",
                "parent": "NYIS",
                "parent-name": "New York Independent System Operator",
                "value": "2248",
                "value-units": "megawatthours"
            },
            {
                "period": "2022-11-13T22",
                "subba": "ZONA",
                "subba-name": "West - NYIS",
                "parent": "NYIS",
                "parent-name": "New York Independent System Operator",
                "value": "1663",
                "value-units": "megawatthours"
            },
            {
                "period": "2022-11-13T22",
                "subba": "ZONB",
                "subba-name": "Genesee - NYIS",
                "parent": "NYIS",
                "parent-name": "New York Independent System Operator",
                "value": "1105",
                "value-units": "megawatthours"
            },
            {
                "period": "2022-11-13T22",
                "subba": "ZONC",
                "subba-name": "Central - NYIS",
                "parent": "NYIS",
                "parent-name": "New York Independent System Operator",
                "value": "1820",
                "value-units": "megawatthours"
            },
            {
                "period": "2022-11-13T22",
                "subba": "ZOND",
                "subba-name": "North - NYIS",
                "parent": "NYIS",
                "parent-name": "New York Independent System Operator",
                "value": "663",
                "value-units": "megawatthours"
            },
            {
                "period": "2022-11-13T22",
                "subba": "ZONE",
                "subba-name": "Mohawk Valley - NYIS",
                "parent": "NYIS",
                "parent-name": "New York Independent System Operator",
                "value": "819",
                "value-units": "megawatthours"
            },
            {
                "period": "2022-11-13T22",
                "subba": "ZONF",
                "subba-name": "Capital - NYIS",
                "parent": "NYIS",
                "parent-name": "New York Independent System Operator",
                "value": "1340",
                "value-units": "megawatthours"
            },
            {
                "period": "2022-11-13T22",
                "subba": "ZONG",
                "subba-name": "Hudson Valley - NYIS",
                "parent": "NYIS",
                "parent-name": "New York Independent System Operator",
                "value": "1047",
                "value-units": "megawatthours"
            },
            {
                "period": "2022-11-13T22",
                "subba": "ZONH",
                "subba-name": "Millwood - NYIS",
                "parent": "NYIS",
                "parent-name": "New York Independent System Operator",
                "value": "319",
                "value-units": "megawatthours"
            },
            {
                "period": "2022-11-13T22",
                "subba": "ZONI",
                "subba-name": "Dunwoodie - NYIS",
                "parent": "NYIS",
                "parent-name": "New York Independent System Operator",
                "value": "585",
                "value-units": "megawatthours"
            },
            {
                "period": "2022-11-13T22",
                "subba": "ZONJ",
                "subba-name": "New York City - NYIS",
                "parent": "NYIS",
                "parent-name": "New York Independent System Operator",
                "value": "4983",
                "value-units": "megawatthours"
            },
            {
                "period": "2022-11-13T22",
                "subba": "ZONK",
                "subba-name": "Long Island - NYIS",
                "parent": "NYIS",
                "parent-name": "New York Independent System Operator",
                "value": "2080",
                "value-units": "megawatthours"
            },
            {
                "period": "2022-11-13T21",
                "subba": "ZONA",
                "subba-name": "West - NYIS",
                "parent": "NYIS",
                "parent-name": "New York Independent System Operator",
                "value": "1627",
                "value-units": "megawatthours"
            },
            {
                "period": "2022-11-13T21",
                "subba": "ZONB",
                "subba-name": "Genesee - NYIS",
                "parent": "NYIS",
                "parent-name": "New York Independent System Operator",
                "value": "1061",
                "value-units": "megawatthours"
            },
            {
                "period": "2022-11-13T21",
                "subba": "ZONC",
                "subba-name": "Central - NYIS",
                "parent": "NYIS",
                "parent-name": "New York Independent System Operator",
                "value": "1753",
                "value-units": "megawatthours"
            },
            {
                "period": "2022-11-13T21",
                "subba": "ZOND",
                "subba-name": "North - NYIS",
                "parent": "NYIS",
                "parent-name": "New York Independent System Operator",
                "value": "665",
                "value-units": "megawatthours"
            },
            {
                "period": "2022-11-13T21",
                "subba": "ZONE",
                "subba-name": "Mohawk Valley - NYIS",
                "parent": "NYIS",
                "parent-name": "New York Independent System Operator",
                "value": "762",
                "value-units": "megawatthours"
            },
            {
                "period": "2022-11-13T21",
                "subba": "ZONF",
                "subba-name": "Capital - NYIS",
                "parent": "NYIS",
                "parent-name": "New York Independent System Operator",
                "value": "1251",
                "value-units": "megawatthours"
            },
            {
                "period": "2022-11-13T21",
                "subba": "ZONG",
                "subba-name": "Hudson Valley - NYIS",
                "parent": "NYIS",
                "parent-name": "New York Independent System Operator",
                "value": "954",
                "value-units": "megawatthours"
            },
            {
                "period": "2022-11-13T21",
                "subba": "ZONH",
                "subba-name": "Millwood - NYIS",
                "parent": "NYIS",
                "parent-name": "New York Independent System Operator",
                "value": "289",
                "value-units": "megawatthours"
            },
            {
                "period": "2022-11-13T21",
                "subba": "ZONI",
                "subba-name": "Dunwoodie - NYIS",
                "parent": "NYIS",
                "parent-name": "New York Independent System Operator",
                "value": "547",
                "value-units": "megawatthours"
            },
            {
                "period": "2022-11-13T21",
                "subba": "ZONJ",
                "subba-name": "New York City - NYIS",
                "parent": "NYIS",
                "parent-name": "New York Independent System Operator",
                "value": "4853",
                "value-units": "megawatthours"
            },
            {
                "period": "2022-11-13T21",
                "subba": "ZONK",
                "subba-name": "Long Island - NYIS",
                "parent": "NYIS",
                "parent-name": "New York Independent System Operator",
                "value": "1905",
                "value-units": "megawatthours"
            },
            {
                "period": "2022-11-13T20",
                "subba": "ZONA",
                "subba-name": "West - NYIS",
                "parent": "NYIS",
                "parent-name": "New York Independent System Operator",
                "value": "1620",
                "value-units": "megawatthours"
            },
            {
                "period": "2022-11-13T20",
                "subba": "ZONB",
                "subba-name": "Genesee - NYIS",
                "parent": "NYIS",
                "parent-name": "New York Independent System Operator",
                "value": "1053",
                "value-units": "megawatthours"
            },
            {
                "period": "2022-11-13T20",
                "subba": "ZONC",
                "subba-name": "Central - NYIS",
                "parent": "NYIS",
                "parent-name": "New York Independent System Operator",
                "value": "1693",
                "value-units": "megawatthours"
            },
            {
                "period": "2022-11-13T20",
                "subba": "ZOND",
                "subba-name": "North - NYIS",
                "parent": "NYIS",
                "parent-name": "New York Independent System Operator",
                "value": "659",
                "value-units": "megawatthours"
            },
            {
                "period": "2022-11-13T20",
                "subba": "ZONE",
                "subba-name": "Mohawk Valley - NYIS",
                "parent": "NYIS",
                "parent-name": "New York Independent System Operator",
                "value": "731",
                "value-units": "megawatthours"
            },
            {
                "period": "2022-11-13T20",
                "subba": "ZONF",
                "subba-name": "Capital - NYIS",
                "parent": "NYIS",
                "parent-name": "New York Independent System Operator",
                "value": "1201",
                "value-units": "megawatthours"
            },
            {
                "period": "2022-11-13T20",
                "subba": "ZONG",
                "subba-name": "Hudson Valley - NYIS",
                "parent": "NYIS",
                "parent-name": "New York Independent System Operator",
                "value": "893",
                "value-units": "megawatthours"
            },
            {
                "period": "2022-11-13T20",
                "subba": "ZONH",
                "subba-name": "Millwood - NYIS",
                "parent": "NYIS",
                "parent-name": "New York Independent System Operator",
                "value": "280",
                "value-units": "megawatthours"
            },
            {
                "period": "2022-11-13T20",
                "subba": "ZONI",
                "subba-name": "Dunwoodie - NYIS",
                "parent": "NYIS",
                "parent-name": "New York Independent System Operator",
                "value": "541",
                "value-units": "megawatthours"
            },
            {
                "period": "2022-11-13T20",
                "subba": "ZONJ",
                "subba-name": "New York City - NYIS",
                "parent": "NYIS",
                "parent-name": "New York Independent System Operator",
                "value": "4825",
                "value-units": "megawatthours"
            },
            {
                "period": "2022-11-13T20",
                "subba": "ZONK",
                "subba-name": "Long Island - NYIS",
                "parent": "NYIS",
                "parent-name": "New York Independent System Operator",
                "value": "1824",
                "value-units": "megawatthours"
            },
            {
                "period": "2022-11-13T19",
                "subba": "ZONA",
                "subba-name": "West - NYIS",
                "parent": "NYIS",
                "parent-name": "New York Independent System Operator",
                "value": "1619",
                "value-units": "megawatthours"
            },
            {
                "period": "2022-11-13T19",
                "subba": "ZONB",
                "subba-name": "Genesee - NYIS",
                "parent": "NYIS",
                "parent-name": "New York Independent System Operator",
                "value": "1049",
                "value-units": "megawatthours"
            },
            {
                "period": "2022-11-13T19",
                "subba": "ZONC",
                "subba-name": "Central - NYIS",
                "parent": "NYIS",
                "parent-name": "New York Independent System Operator",
                "value": "1687",
                "value-units": "megawatthours"
            },
            {
                "period": "2022-11-13T19",
                "subba": "ZOND",
                "subba-name": "North - NYIS",
                "parent": "NYIS",
                "parent-name": "New York Independent System Operator",
                "value": "658",
                "value-units": "megawatthours"
            },
            {
                "period": "2022-11-13T19",
                "subba": "ZONE",
                "subba-name": "Mohawk Valley - NYIS",
                "parent": "NYIS",
                "parent-name": "New York Independent System Operator",
                "value": "717",
                "value-units": "megawatthours"
            },
            {
                "period": "2022-11-13T19",
                "subba": "ZONF",
                "subba-name": "Capital - NYIS",
                "parent": "NYIS",
                "parent-name": "New York Independent System Operator",
                "value": "1193",
                "value-units": "megawatthours"
            },
            {
                "period": "2022-11-13T19",
                "subba": "ZONG",
                "subba-name": "Hudson Valley - NYIS",
                "parent": "NYIS",
                "parent-name": "New York Independent System Operator",
                "value": "864",
                "value-units": "megawatthours"
            },
            {
                "period": "2022-11-13T19",
                "subba": "ZONH",
                "subba-name": "Millwood - NYIS",
                "parent": "NYIS",
                "parent-name": "New York Independent System Operator",
                "value": "271",
                "value-units": "megawatthours"
            },
            {
                "period": "2022-11-13T19",
                "subba": "ZONI",
                "subba-name": "Dunwoodie - NYIS",
                "parent": "NYIS",
                "parent-name": "New York Independent System Operator",
                "value": "525",
                "value-units": "megawatthours"
            },
            {
                "period": "2022-11-13T19",
                "subba": "ZONJ",
                "subba-name": "New York City - NYIS",
                "parent": "NYIS",
                "parent-name": "New York Independent System Operator",
                "value": "4786",
                "value-units": "megawatthours"
            },
            {
                "period": "2022-11-13T19",
                "subba": "ZONK",
                "subba-name": "Long Island - NYIS",
                "parent": "NYIS",
                "parent-name": "New York Independent System Operator",
                "value": "1753",
                "value-units": "megawatthours"
            },
            {
                "period": "2022-11-13T18",
                "subba": "ZONA",
                "subba-name": "West - NYIS",
                "parent": "NYIS",
                "parent-name": "New York Independent System Operator",
                "value": "1629",
                "value-units": "megawatthours"
            },
            {
                "period": "2022-11-13T18",
                "subba": "ZONB",
                "subba-name": "Genesee - NYIS",
                "parent": "NYIS",
                "parent-name": "New York Independent System Operator",
                "value": "1029",
                "value-units": "megawatthours"
            },
            {
                "period": "2022-11-13T18",
                "subba": "ZONC",
                "subba-name": "Central - NYIS",
                "parent": "NYIS",
                "parent-name": "New York Independent System Operator",
                "value": "1672",
                "value-units": "megawatthours"
            },
            {
                "period": "2022-11-13T18",
                "subba": "ZOND",
                "subba-name": "North - NYIS",
                "parent": "NYIS",
                "parent-name": "New York Independent System Operator",
                "value": "659",
                "value-units": "megawatthours"
            },
            {
                "period": "2022-11-13T18",
                "subba": "ZONE",
                "subba-name": "Mohawk Valley - NYIS",
                "parent": "NYIS",
                "parent-name": "New York Independent System Operator",
                "value": "705",
                "value-units": "megawatthours"
            },
            {
                "period": "2022-11-13T18",
                "subba": "ZONF",
                "subba-name": "Capital - NYIS",
                "parent": "NYIS",
                "parent-name": "New York Independent System Operator",
                "value": "1181",
                "value-units": "megawatthours"
            },
            {
                "period": "2022-11-13T18",
                "subba": "ZONG",
                "subba-name": "Hudson Valley - NYIS",
                "parent": "NYIS",
                "parent-name": "New York Independent System Operator",
                "value": "794",
                "value-units": "megawatthours"
            },
            {
                "period": "2022-11-13T18",
                "subba": "ZONH",
                "subba-name": "Millwood - NYIS",
                "parent": "NYIS",
                "parent-name": "New York Independent System Operator",
                "value": "265",
                "value-units": "megawatthours"
            },
            {
                "period": "2022-11-13T18",
                "subba": "ZONI",
                "subba-name": "Dunwoodie - NYIS",
                "parent": "NYIS",
                "parent-name": "New York Independent System Operator",
                "value": "512",
                "value-units": "megawatthours"
            },
            {
                "period": "2022-11-13T18",
                "subba": "ZONJ",
                "subba-name": "New York City - NYIS",
                "parent": "NYIS",
                "parent-name": "New York Independent System Operator",
                "value": "4725",
                "value-units": "megawatthours"
            },
            {
                "period": "2022-11-13T18",
                "subba": "ZONK",
                "subba-name": "Long Island - NYIS",
                "parent": "NYIS",
                "parent-name": "New York Independent System Operator",
                "value": "1769",
                "value-units": "megawatthours"
            },
            {
                "period": "2022-11-13T17",
                "subba": "ZONA",
                "subba-name": "West - NYIS",
                "parent": "NYIS",
                "parent-name": "New York Independent System Operator",
                "value": "1614",
                "value-units": "megawatthours"
            },
            {
                "period": "2022-11-13T17",
                "subba": "ZONB",
                "subba-name": "Genesee - NYIS",
                "parent": "NYIS",
                "parent-name": "New York Independent System Operator",
                "value": "1013",
                "value-units": "megawatthours"
            },
            {
                "period": "2022-11-13T17",
                "subba": "ZONC",
                "subba-name": "Central - NYIS",
                "parent": "NYIS",
                "parent-name": "New York Independent System Operator",
                "value": "1669",
                "value-units": "megawatthours"
            },
            {
                "period": "2022-11-13T17",
                "subba": "ZOND",
                "subba-name": "North - NYIS",
                "parent": "NYIS",
                "parent-name": "New York Independent System Operator",
                "value": "656",
                "value-units": "megawatthours"
            },
            {
                "period": "2022-11-13T17",
                "subba": "ZONE",
                "subba-name": "Mohawk Valley - NYIS",
                "parent": "NYIS",
                "parent-name": "New York Independent System Operator",
                "value": "698",
                "value-units": "megawatthours"
            },
            {
                "period": "2022-11-13T17",
                "subba": "ZONF",
                "subba-name": "Capital - NYIS",
                "parent": "NYIS",
                "parent-name": "New York Independent System Operator",
                "value": "1166",
                "value-units": "megawatthours"
            },
            {
                "period": "2022-11-13T17",
                "subba": "ZONG",
                "subba-name": "Hudson Valley - NYIS",
                "parent": "NYIS",
                "parent-name": "New York Independent System Operator",
                "value": "801",
                "value-units": "megawatthours"
            },
            {
                "period": "2022-11-13T17",
                "subba": "ZONH",
                "subba-name": "Millwood - NYIS",
                "parent": "NYIS",
                "parent-name": "New York Independent System Operator",
                "value": "281",
                "value-units": "megawatthours"
            },
            {
                "period": "2022-11-13T17",
                "subba": "ZONI",
                "subba-name": "Dunwoodie - NYIS",
                "parent": "NYIS",
                "parent-name": "New York Independent System Operator",
                "value": "533",
                "value-units": "megawatthours"
            },
            {
                "period": "2022-11-13T17",
                "subba": "ZONJ",
                "subba-name": "New York City - NYIS",
                "parent": "NYIS",
                "parent-name": "New York Independent System Operator",
                "value": "4698",
                "value-units": "megawatthours"
            },
            {
                "period": "2022-11-13T17",
                "subba": "ZONK",
                "subba-name": "Long Island - NYIS",
                "parent": "NYIS",
                "parent-name": "New York Independent System Operator",
                "value": "1814",
                "value-units": "megawatthours"
            },
            {
                "period": "2022-11-13T16",
                "subba": "ZONA",
                "subba-name": "West - NYIS",
                "parent": "NYIS",
                "parent-name": "New York Independent System Operator",
                "value": "1601",
                "value-units": "megawatthours"
            },
            {
                "period": "2022-11-13T16",
                "subba": "ZONB",
                "subba-name": "Genesee - NYIS",
                "parent": "NYIS",
                "parent-name": "New York Independent System Operator",
                "value": "991",
                "value-units": "megawatthours"
            },
            {
                "period": "2022-11-13T16",
                "subba": "ZONC",
                "subba-name": "Central - NYIS",
                "parent": "NYIS",
                "parent-name": "New York Independent System Operator",
                "value": "1644",
                "value-units": "megawatthours"
            },
            {
                "period": "2022-11-13T16",
                "subba": "ZOND",
                "subba-name": "North - NYIS",
                "parent": "NYIS",
                "parent-name": "New York Independent System Operator",
                "value": "653",
                "value-units": "megawatthours"
            },
            {
                "period": "2022-11-13T16",
                "subba": "ZONE",
                "subba-name": "Mohawk Valley - NYIS",
                "parent": "NYIS",
                "parent-name": "New York Independent System Operator",
                "value": "711",
                "value-units": "megawatthours"
            },
            {
                "period": "2022-11-13T16",
                "subba": "ZONF",
                "subba-name": "Capital - NYIS",
                "parent": "NYIS",
                "parent-name": "New York Independent System Operator",
                "value": "1209",
                "value-units": "megawatthours"
            },
            {
                "period": "2022-11-13T16",
                "subba": "ZONG",
                "subba-name": "Hudson Valley - NYIS",
                "parent": "NYIS",
                "parent-name": "New York Independent System Operator",
                "value": "861",
                "value-units": "megawatthours"
            },
            {
                "period": "2022-11-13T16",
                "subba": "ZONH",
                "subba-name": "Millwood - NYIS",
                "parent": "NYIS",
                "parent-name": "New York Independent System Operator",
                "value": "284",
                "value-units": "megawatthours"
            },
            {
                "period": "2022-11-13T16",
                "subba": "ZONI",
                "subba-name": "Dunwoodie - NYIS",
                "parent": "NYIS",
                "parent-name": "New York Independent System Operator",
                "value": "535",
                "value-units": "megawatthours"
            },
            {
                "period": "2022-11-13T16",
                "subba": "ZONJ",
                "subba-name": "New York City - NYIS",
                "parent": "NYIS",
                "parent-name": "New York Independent System Operator",
                "value": "4671",
                "value-units": "megawatthours"
            },
            {
                "period": "2022-11-13T16",
                "subba": "ZONK",
                "subba-name": "Long Island - NYIS",
                "parent": "NYIS",
                "parent-name": "New York Independent System Operator",
                "value": "1861",
                "value-units": "megawatthours"
            },
            {
                "period": "2022-11-13T15",
                "subba": "ZONA",
                "subba-name": "West - NYIS",
                "parent": "NYIS",
                "parent-name": "New York Independent System Operator",
                "value": "1574",
                "value-units": "megawatthours"
            },
            {
                "period": "2022-11-13T15",
                "subba": "ZONB",
                "subba-name": "Genesee - NYIS",
                "parent": "NYIS",
                "parent-name": "New York Independent System Operator",
                "value": "982",
                "value-units": "megawatthours"
            },
            {
                "period": "2022-11-13T15",
                "subba": "ZONC",
                "subba-name": "Central - NYIS",
                "parent": "NYIS",
                "parent-name": "New York Independent System Operator",
                "value": "1625",
                "value-units": "megawatthours"
            },
            {
                "period": "2022-11-13T15",
                "subba": "ZOND",
                "subba-name": "North - NYIS",
                "parent": "NYIS",
                "parent-name": "New York Independent System Operator",
                "value": "648",
                "value-units": "megawatthours"
            },
            {
                "period": "2022-11-13T15",
                "subba": "ZONE",
                "subba-name": "Mohawk Valley - NYIS",
                "parent": "NYIS",
                "parent-name": "New York Independent System Operator",
                "value": "705",
                "value-units": "megawatthours"
            },
            {
                "period": "2022-11-13T15",
                "subba": "ZONF",
                "subba-name": "Capital - NYIS",
                "parent": "NYIS",
                "parent-name": "New York Independent System Operator",
                "value": "1200",
                "value-units": "megawatthours"
            },
            {
                "period": "2022-11-13T15",
                "subba": "ZONG",
                "subba-name": "Hudson Valley - NYIS",
                "parent": "NYIS",
                "parent-name": "New York Independent System Operator",
                "value": "882",
                "value-units": "megawatthours"
            },
            {
                "period": "2022-11-13T15",
                "subba": "ZONH",
                "subba-name": "Millwood - NYIS",
                "parent": "NYIS",
                "parent-name": "New York Independent System Operator",
                "value": "275",
                "value-units": "megawatthours"
            },
            {
                "period": "2022-11-13T15",
                "subba": "ZONI",
                "subba-name": "Dunwoodie - NYIS",
                "parent": "NYIS",
                "parent-name": "New York Independent System Operator",
                "value": "513",
                "value-units": "megawatthours"
            },
            {
                "period": "2022-11-13T15",
                "subba": "ZONJ",
                "subba-name": "New York City - NYIS",
                "parent": "NYIS",
                "parent-name": "New York Independent System Operator",
                "value": "4519",
                "value-units": "megawatthours"
            },
            {
                "period": "2022-11-13T15",
                "subba": "ZONK",
                "subba-name": "Long Island - NYIS",
                "parent": "NYIS",
                "parent-name": "New York Independent System Operator",
                "value": "1783",
                "value-units": "megawatthours"
            },
            {
                "period": "2022-11-13T14",
                "subba": "ZONA",
                "subba-name": "West - NYIS",
                "parent": "NYIS",
                "parent-name": "New York Independent System Operator",
                "value": "1535",
                "value-units": "megawatthours"
            },
            {
                "period": "2022-11-13T14",
                "subba": "ZONB",
                "subba-name": "Genesee - NYIS",
                "parent": "NYIS",
                "parent-name": "New York Independent System Operator",
                "value": "962",
                "value-units": "megawatthours"
            },
            {
                "period": "2022-11-13T14",
                "subba": "ZONC",
                "subba-name": "Central - NYIS",
                "parent": "NYIS",
                "parent-name": "New York Independent System Operator",
                "value": "1606",
                "value-units": "megawatthours"
            },
            {
                "period": "2022-11-13T14",
                "subba": "ZOND",
                "subba-name": "North - NYIS",
                "parent": "NYIS",
                "parent-name": "New York Independent System Operator",
                "value": "643",
                "value-units": "megawatthours"
            },
            {
                "period": "2022-11-13T14",
                "subba": "ZONE",
                "subba-name": "Mohawk Valley - NYIS",
                "parent": "NYIS",
                "parent-name": "New York Independent System Operator",
                "value": "683",
                "value-units": "megawatthours"
            },
            {
                "period": "2022-11-13T14",
                "subba": "ZONF",
                "subba-name": "Capital - NYIS",
                "parent": "NYIS",
                "parent-name": "New York Independent System Operator",
                "value": "1175",
                "value-units": "megawatthours"
            },
            {
                "period": "2022-11-13T14",
                "subba": "ZONG",
                "subba-name": "Hudson Valley - NYIS",
                "parent": "NYIS",
                "parent-name": "New York Independent System Operator",
                "value": "858",
                "value-units": "megawatthours"
            },
            {
                "period": "2022-11-13T14",
                "subba": "ZONH",
                "subba-name": "Millwood - NYIS",
                "parent": "NYIS",
                "parent-name": "New York Independent System Operator",
                "value": "263",
                "value-units": "megawatthours"
            },
            {
                "period": "2022-11-13T14",
                "subba": "ZONI",
                "subba-name": "Dunwoodie - NYIS",
                "parent": "NYIS",
                "parent-name": "New York Independent System Operator",
                "value": "482",
                "value-units": "megawatthours"
            },
            {
                "period": "2022-11-13T14",
                "subba": "ZONJ",
                "subba-name": "New York City - NYIS",
                "parent": "NYIS",
                "parent-name": "New York Independent System Operator",
                "value": "4298",
                "value-units": "megawatthours"
            },
            {
                "period": "2022-11-13T14",
                "subba": "ZONK",
                "subba-name": "Long Island - NYIS",
                "parent": "NYIS",
                "parent-name": "New York Independent System Operator",
                "value": "1670",
                "value-units": "megawatthours"
            },
            {
                "period": "2022-11-13T13",
                "subba": "ZONA",
                "subba-name": "West - NYIS",
                "parent": "NYIS",
                "parent-name": "New York Independent System Operator",
                "value": "1488",
                "value-units": "megawatthours"
            },
            {
                "period": "2022-11-13T13",
                "subba": "ZONB",
                "subba-name": "Genesee - NYIS",
                "parent": "NYIS",
                "parent-name": "New York Independent System Operator",
                "value": "929",
                "value-units": "megawatthours"
            },
            {
                "period": "2022-11-13T13",
                "subba": "ZONC",
                "subba-name": "Central - NYIS",
                "parent": "NYIS",
                "parent-name": "New York Independent System Operator",
                "value": "1560",
                "value-units": "megawatthours"
            },
            {
                "period": "2022-11-13T13",
                "subba": "ZOND",
                "subba-name": "North - NYIS",
                "parent": "NYIS",
                "parent-name": "New York Independent System Operator",
                "value": "623",
                "value-units": "megawatthours"
            },
            {
                "period": "2022-11-13T13",
                "subba": "ZONE",
                "subba-name": "Mohawk Valley - NYIS",
                "parent": "NYIS",
                "parent-name": "New York Independent System Operator",
                "value": "653",
                "value-units": "megawatthours"
            },
            {
                "period": "2022-11-13T13",
                "subba": "ZONF",
                "subba-name": "Capital - NYIS",
                "parent": "NYIS",
                "parent-name": "New York Independent System Operator",
                "value": "1113",
                "value-units": "megawatthours"
            },
            {
                "period": "2022-11-13T13",
                "subba": "ZONG",
                "subba-name": "Hudson Valley - NYIS",
                "parent": "NYIS",
                "parent-name": "New York Independent System Operator",
                "value": "804",
                "value-units": "megawatthours"
            },
            {
                "period": "2022-11-13T13",
                "subba": "ZONH",
                "subba-name": "Millwood - NYIS",
                "parent": "NYIS",
                "parent-name": "New York Independent System Operator",
                "value": "234",
                "value-units": "megawatthours"
            },
            {
                "period": "2022-11-13T13",
                "subba": "ZONI",
                "subba-name": "Dunwoodie - NYIS",
                "parent": "NYIS",
                "parent-name": "New York Independent System Operator",
                "value": "449",
                "value-units": "megawatthours"
            },
            {
                "period": "2022-11-13T13",
                "subba": "ZONJ",
                "subba-name": "New York City - NYIS",
                "parent": "NYIS",
                "parent-name": "New York Independent System Operator",
                "value": "4097",
                "value-units": "megawatthours"
            },
            {
                "period": "2022-11-13T13",
                "subba": "ZONK",
                "subba-name": "Long Island - NYIS",
                "parent": "NYIS",
                "parent-name": "New York Independent System Operator",
                "value": "1566",
                "value-units": "megawatthours"
            },
            {
                "period": "2022-11-13T12",
                "subba": "ZONA",
                "subba-name": "West - NYIS",
                "parent": "NYIS",
                "parent-name": "New York Independent System Operator",
                "value": "1459",
                "value-units": "megawatthours"
            },
            {
                "period": "2022-11-13T12",
                "subba": "ZONB",
                "subba-name": "Genesee - NYIS",
                "parent": "NYIS",
                "parent-name": "New York Independent System Operator",
                "value": "897",
                "value-units": "megawatthours"
            },
            {
                "period": "2022-11-13T12",
                "subba": "ZONC",
                "subba-name": "Central - NYIS",
                "parent": "NYIS",
                "parent-name": "New York Independent System Operator",
                "value": "1505",
                "value-units": "megawatthours"
            },
            {
                "period": "2022-11-13T12",
                "subba": "ZOND",
                "subba-name": "North - NYIS",
                "parent": "NYIS",
                "parent-name": "New York Independent System Operator",
                "value": "609",
                "value-units": "megawatthours"
            },
            {
                "period": "2022-11-13T12",
                "subba": "ZONE",
                "subba-name": "Mohawk Valley - NYIS",
                "parent": "NYIS",
                "parent-name": "New York Independent System Operator",
                "value": "620",
                "value-units": "megawatthours"
            },
            {
                "period": "2022-11-13T12",
                "subba": "ZONF",
                "subba-name": "Capital - NYIS",
                "parent": "NYIS",
                "parent-name": "New York Independent System Operator",
                "value": "1056",
                "value-units": "megawatthours"
            },
            {
                "period": "2022-11-13T12",
                "subba": "ZONG",
                "subba-name": "Hudson Valley - NYIS",
                "parent": "NYIS",
                "parent-name": "New York Independent System Operator",
                "value": "762",
                "value-units": "megawatthours"
            },
            {
                "period": "2022-11-13T12",
                "subba": "ZONH",
                "subba-name": "Millwood - NYIS",
                "parent": "NYIS",
                "parent-name": "New York Independent System Operator",
                "value": "216",
                "value-units": "megawatthours"
            },
            {
                "period": "2022-11-13T12",
                "subba": "ZONI",
                "subba-name": "Dunwoodie - NYIS",
                "parent": "NYIS",
                "parent-name": "New York Independent System Operator",
                "value": "438",
                "value-units": "megawatthours"
            },
            {
                "period": "2022-11-13T12",
                "subba": "ZONJ",
                "subba-name": "New York City - NYIS",
                "parent": "NYIS",
                "parent-name": "New York Independent System Operator",
                "value": "3944",
                "value-units": "megawatthours"
            },
            {
                "period": "2022-11-13T12",
                "subba": "ZONK",
                "subba-name": "Long Island - NYIS",
                "parent": "NYIS",
                "parent-name": "New York Independent System Operator",
                "value": "1492",
                "value-units": "megawatthours"
            },
            {
                "period": "2022-11-13T11",
                "subba": "ZONA",
                "subba-name": "West - NYIS",
                "parent": "NYIS",
                "parent-name": "New York Independent System Operator",
                "value": "1416",
                "value-units": "megawatthours"
            },
            {
                "period": "2022-11-13T11",
                "subba": "ZONB",
                "subba-name": "Genesee - NYIS",
                "parent": "NYIS",
                "parent-name": "New York Independent System Operator",
                "value": "864",
                "value-units": "megawatthours"
            },
            {
                "period": "2022-11-13T11",
                "subba": "ZONC",
                "subba-name": "Central - NYIS",
                "parent": "NYIS",
                "parent-name": "New York Independent System Operator",
                "value": "1435",
                "value-units": "megawatthours"
            },
            {
                "period": "2022-11-13T11",
                "subba": "ZOND",
                "subba-name": "North - NYIS",
                "parent": "NYIS",
                "parent-name": "New York Independent System Operator",
                "value": "600",
                "value-units": "megawatthours"
            },
            {
                "period": "2022-11-13T11",
                "subba": "ZONE",
                "subba-name": "Mohawk Valley - NYIS",
                "parent": "NYIS",
                "parent-name": "New York Independent System Operator",
                "value": "586",
                "value-units": "megawatthours"
            },
            {
                "period": "2022-11-13T11",
                "subba": "ZONF",
                "subba-name": "Capital - NYIS",
                "parent": "NYIS",
                "parent-name": "New York Independent System Operator",
                "value": "1015",
                "value-units": "megawatthours"
            },
            {
                "period": "2022-11-13T11",
                "subba": "ZONG",
                "subba-name": "Hudson Valley - NYIS",
                "parent": "NYIS",
                "parent-name": "New York Independent System Operator",
                "value": "726",
                "value-units": "megawatthours"
            },
            {
                "period": "2022-11-13T11",
                "subba": "ZONH",
                "subba-name": "Millwood - NYIS",
                "parent": "NYIS",
                "parent-name": "New York Independent System Operator",
                "value": "207",
                "value-units": "megawatthours"
            },
            {
                "period": "2022-11-13T11",
                "subba": "ZONI",
                "subba-name": "Dunwoodie - NYIS",
                "parent": "NYIS",
                "parent-name": "New York Independent System Operator",
                "value": "428",
                "value-units": "megawatthours"
            },
            {
                "period": "2022-11-13T11",
                "subba": "ZONJ",
                "subba-name": "New York City - NYIS",
                "parent": "NYIS",
                "parent-name": "New York Independent System Operator",
                "value": "3834",
                "value-units": "megawatthours"
            },
            {
                "period": "2022-11-13T11",
                "subba": "ZONK",
                "subba-name": "Long Island - NYIS",
                "parent": "NYIS",
                "parent-name": "New York Independent System Operator",
                "value": "1439",
                "value-units": "megawatthours"
            },
            {
                "period": "2022-11-13T10",
                "subba": "ZONA",
                "subba-name": "West - NYIS",
                "parent": "NYIS",
                "parent-name": "New York Independent System Operator",
                "value": "1392",
                "value-units": "megawatthours"
            },
            {
                "period": "2022-11-13T10",
                "subba": "ZONB",
                "subba-name": "Genesee - NYIS",
                "parent": "NYIS",
                "parent-name": "New York Independent System Operator",
                "value": "847",
                "value-units": "megawatthours"
            },
            {
                "period": "2022-11-13T10",
                "subba": "ZONC",
                "subba-name": "Central - NYIS",
                "parent": "NYIS",
                "parent-name": "New York Independent System Operator",
                "value": "1381",
                "value-units": "megawatthours"
            },
            {
                "period": "2022-11-13T10",
                "subba": "ZOND",
                "subba-name": "North - NYIS",
                "parent": "NYIS",
                "parent-name": "New York Independent System Operator",
                "value": "593",
                "value-units": "megawatthours"
            },
            {
                "period": "2022-11-13T10",
                "subba": "ZONE",
                "subba-name": "Mohawk Valley - NYIS",
                "parent": "NYIS",
                "parent-name": "New York Independent System Operator",
                "value": "558",
                "value-units": "megawatthours"
            },
            {
                "period": "2022-11-13T10",
                "subba": "ZONF",
                "subba-name": "Capital - NYIS",
                "parent": "NYIS",
                "parent-name": "New York Independent System Operator",
                "value": "1000",
                "value-units": "megawatthours"
            },
            {
                "period": "2022-11-13T10",
                "subba": "ZONG",
                "subba-name": "Hudson Valley - NYIS",
                "parent": "NYIS",
                "parent-name": "New York Independent System Operator",
                "value": "707",
                "value-units": "megawatthours"
            },
            {
                "period": "2022-11-13T10",
                "subba": "ZONH",
                "subba-name": "Millwood - NYIS",
                "parent": "NYIS",
                "parent-name": "New York Independent System Operator",
                "value": "204",
                "value-units": "megawatthours"
            },
            {
                "period": "2022-11-13T10",
                "subba": "ZONI",
                "subba-name": "Dunwoodie - NYIS",
                "parent": "NYIS",
                "parent-name": "New York Independent System Operator",
                "value": "423",
                "value-units": "megawatthours"
            },
            {
                "period": "2022-11-13T10",
                "subba": "ZONJ",
                "subba-name": "New York City - NYIS",
                "parent": "NYIS",
                "parent-name": "New York Independent System Operator",
                "value": "3807",
                "value-units": "megawatthours"
            },
            {
                "period": "2022-11-13T10",
                "subba": "ZONK",
                "subba-name": "Long Island - NYIS",
                "parent": "NYIS",
                "parent-name": "New York Independent System Operator",
                "value": "1419",
                "value-units": "megawatthours"
            },
            {
                "period": "2022-11-13T09",
                "subba": "ZONA",
                "subba-name": "West - NYIS",
                "parent": "NYIS",
                "parent-name": "New York Independent System Operator",
                "value": "1386",
                "value-units": "megawatthours"
            },
            {
                "period": "2022-11-13T09",
                "subba": "ZONB",
                "subba-name": "Genesee - NYIS",
                "parent": "NYIS",
                "parent-name": "New York Independent System Operator",
                "value": "841",
                "value-units": "megawatthours"
            },
            {
                "period": "2022-11-13T09",
                "subba": "ZONC",
                "subba-name": "Central - NYIS",
                "parent": "NYIS",
                "parent-name": "New York Independent System Operator",
                "value": "1363",
                "value-units": "megawatthours"
            },
            {
                "period": "2022-11-13T09",
                "subba": "ZOND",
                "subba-name": "North - NYIS",
                "parent": "NYIS",
                "parent-name": "New York Independent System Operator",
                "value": "590",
                "value-units": "megawatthours"
            },
            {
                "period": "2022-11-13T09",
                "subba": "ZONE",
                "subba-name": "Mohawk Valley - NYIS",
                "parent": "NYIS",
                "parent-name": "New York Independent System Operator",
                "value": "552",
                "value-units": "megawatthours"
            },
            {
                "period": "2022-11-13T09",
                "subba": "ZONF",
                "subba-name": "Capital - NYIS",
                "parent": "NYIS",
                "parent-name": "New York Independent System Operator",
                "value": "989",
                "value-units": "megawatthours"
            },
            {
                "period": "2022-11-13T09",
                "subba": "ZONG",
                "subba-name": "Hudson Valley - NYIS",
                "parent": "NYIS",
                "parent-name": "New York Independent System Operator",
                "value": "701",
                "value-units": "megawatthours"
            },
            {
                "period": "2022-11-13T09",
                "subba": "ZONH",
                "subba-name": "Millwood - NYIS",
                "parent": "NYIS",
                "parent-name": "New York Independent System Operator",
                "value": "207",
                "value-units": "megawatthours"
            },
            {
                "period": "2022-11-13T09",
                "subba": "ZONI",
                "subba-name": "Dunwoodie - NYIS",
                "parent": "NYIS",
                "parent-name": "New York Independent System Operator",
                "value": "422",
                "value-units": "megawatthours"
            },
            {
                "period": "2022-11-13T09",
                "subba": "ZONJ",
                "subba-name": "New York City - NYIS",
                "parent": "NYIS",
                "parent-name": "New York Independent System Operator",
                "value": "3866",
                "value-units": "megawatthours"
            },
            {
                "period": "2022-11-13T09",
                "subba": "ZONK",
                "subba-name": "Long Island - NYIS",
                "parent": "NYIS",
                "parent-name": "New York Independent System Operator",
                "value": "1427",
                "value-units": "megawatthours"
            },
            {
                "period": "2022-11-13T08",
                "subba": "ZONA",
                "subba-name": "West - NYIS",
                "parent": "NYIS",
                "parent-name": "New York Independent System Operator",
                "value": "1392",
                "value-units": "megawatthours"
            },
            {
                "period": "2022-11-13T08",
                "subba": "ZONB",
                "subba-name": "Genesee - NYIS",
                "parent": "NYIS",
                "parent-name": "New York Independent System Operator",
                "value": "845",
                "value-units": "megawatthours"
            },
            {
                "period": "2022-11-13T08",
                "subba": "ZONC",
                "subba-name": "Central - NYIS",
                "parent": "NYIS",
                "parent-name": "New York Independent System Operator",
                "value": "1382",
                "value-units": "megawatthours"
            },
            {
                "period": "2022-11-13T08",
                "subba": "ZOND",
                "subba-name": "North - NYIS",
                "parent": "NYIS",
                "parent-name": "New York Independent System Operator",
                "value": "591",
                "value-units": "megawatthours"
            },
            {
                "period": "2022-11-13T08",
                "subba": "ZONE",
                "subba-name": "Mohawk Valley - NYIS",
                "parent": "NYIS",
                "parent-name": "New York Independent System Operator",
                "value": "559",
                "value-units": "megawatthours"
            },
            {
                "period": "2022-11-13T08",
                "subba": "ZONF",
                "subba-name": "Capital - NYIS",
                "parent": "NYIS",
                "parent-name": "New York Independent System Operator",
                "value": "993",
                "value-units": "megawatthours"
            },
            {
                "period": "2022-11-13T08",
                "subba": "ZONG",
                "subba-name": "Hudson Valley - NYIS",
                "parent": "NYIS",
                "parent-name": "New York Independent System Operator",
                "value": "707",
                "value-units": "megawatthours"
            },
            {
                "period": "2022-11-13T08",
                "subba": "ZONH",
                "subba-name": "Millwood - NYIS",
                "parent": "NYIS",
                "parent-name": "New York Independent System Operator",
                "value": "211",
                "value-units": "megawatthours"
            },
            {
                "period": "2022-11-13T08",
                "subba": "ZONI",
                "subba-name": "Dunwoodie - NYIS",
                "parent": "NYIS",
                "parent-name": "New York Independent System Operator",
                "value": "430",
                "value-units": "megawatthours"
            },
            {
                "period": "2022-11-13T08",
                "subba": "ZONJ",
                "subba-name": "New York City - NYIS",
                "parent": "NYIS",
                "parent-name": "New York Independent System Operator",
                "value": "3968",
                "value-units": "megawatthours"
            },
            {
                "period": "2022-11-13T08",
                "subba": "ZONK",
                "subba-name": "Long Island - NYIS",
                "parent": "NYIS",
                "parent-name": "New York Independent System Operator",
                "value": "1461",
                "value-units": "megawatthours"
            },
            {
                "period": "2022-11-13T07",
                "subba": "ZONA",
                "subba-name": "West - NYIS",
                "parent": "NYIS",
                "parent-name": "New York Independent System Operator",
                "value": "1413",
                "value-units": "megawatthours"
            },
            {
                "period": "2022-11-13T07",
                "subba": "ZONB",
                "subba-name": "Genesee - NYIS",
                "parent": "NYIS",
                "parent-name": "New York Independent System Operator",
                "value": "858",
                "value-units": "megawatthours"
            },
            {
                "period": "2022-11-13T07",
                "subba": "ZONC",
                "subba-name": "Central - NYIS",
                "parent": "NYIS",
                "parent-name": "New York Independent System Operator",
                "value": "1419",
                "value-units": "megawatthours"
            },
            {
                "period": "2022-11-13T07",
                "subba": "ZOND",
                "subba-name": "North - NYIS",
                "parent": "NYIS",
                "parent-name": "New York Independent System Operator",
                "value": "588",
                "value-units": "megawatthours"
            },
            {
                "period": "2022-11-13T07",
                "subba": "ZONE",
                "subba-name": "Mohawk Valley - NYIS",
                "parent": "NYIS",
                "parent-name": "New York Independent System Operator",
                "value": "567",
                "value-units": "megawatthours"
            },
            {
                "period": "2022-11-13T07",
                "subba": "ZONF",
                "subba-name": "Capital - NYIS",
                "parent": "NYIS",
                "parent-name": "New York Independent System Operator",
                "value": "1002",
                "value-units": "megawatthours"
            },
            {
                "period": "2022-11-13T07",
                "subba": "ZONG",
                "subba-name": "Hudson Valley - NYIS",
                "parent": "NYIS",
                "parent-name": "New York Independent System Operator",
                "value": "725",
                "value-units": "megawatthours"
            },
            {
                "period": "2022-11-13T07",
                "subba": "ZONH",
                "subba-name": "Millwood - NYIS",
                "parent": "NYIS",
                "parent-name": "New York Independent System Operator",
                "value": "220",
                "value-units": "megawatthours"
            },
            {
                "period": "2022-11-13T07",
                "subba": "ZONI",
                "subba-name": "Dunwoodie - NYIS",
                "parent": "NYIS",
                "parent-name": "New York Independent System Operator",
                "value": "446",
                "value-units": "megawatthours"
            },
            {
                "period": "2022-11-13T07",
                "subba": "ZONJ",
                "subba-name": "New York City - NYIS",
                "parent": "NYIS",
                "parent-name": "New York Independent System Operator",
                "value": "4101",
                "value-units": "megawatthours"
            },
            {
                "period": "2022-11-13T07",
                "subba": "ZONK",
                "subba-name": "Long Island - NYIS",
                "parent": "NYIS",
                "parent-name": "New York Independent System Operator",
                "value": "1512",
                "value-units": "megawatthours"
            },
            {
                "period": "2022-11-13T06",
                "subba": "ZONA",
                "subba-name": "West - NYIS",
                "parent": "NYIS",
                "parent-name": "New York Independent System Operator",
                "value": "1445",
                "value-units": "megawatthours"
            },
            {
                "period": "2022-11-13T06",
                "subba": "ZONB",
                "subba-name": "Genesee - NYIS",
                "parent": "NYIS",
                "parent-name": "New York Independent System Operator",
                "value": "875",
                "value-units": "megawatthours"
            },
            {
                "period": "2022-11-13T06",
                "subba": "ZONC",
                "subba-name": "Central - NYIS",
                "parent": "NYIS",
                "parent-name": "New York Independent System Operator",
                "value": "1437",
                "value-units": "megawatthours"
            },
            {
                "period": "2022-11-13T06",
                "subba": "ZOND",
                "subba-name": "North - NYIS",
                "parent": "NYIS",
                "parent-name": "New York Independent System Operator",
                "value": "589",
                "value-units": "megawatthours"
            },
            {
                "period": "2022-11-13T06",
                "subba": "ZONE",
                "subba-name": "Mohawk Valley - NYIS",
                "parent": "NYIS",
                "parent-name": "New York Independent System Operator",
                "value": "577",
                "value-units": "megawatthours"
            },
            {
                "period": "2022-11-13T06",
                "subba": "ZONF",
                "subba-name": "Capital - NYIS",
                "parent": "NYIS",
                "parent-name": "New York Independent System Operator",
                "value": "1023",
                "value-units": "megawatthours"
            },
            {
                "period": "2022-11-13T06",
                "subba": "ZONG",
                "subba-name": "Hudson Valley - NYIS",
                "parent": "NYIS",
                "parent-name": "New York Independent System Operator",
                "value": "756",
                "value-units": "megawatthours"
            },
            {
                "period": "2022-11-13T06",
                "subba": "ZONH",
                "subba-name": "Millwood - NYIS",
                "parent": "NYIS",
                "parent-name": "New York Independent System Operator",
                "value": "232",
                "value-units": "megawatthours"
            },
            {
                "period": "2022-11-13T06",
                "subba": "ZONI",
                "subba-name": "Dunwoodie - NYIS",
                "parent": "NYIS",
                "parent-name": "New York Independent System Operator",
                "value": "467",
                "value-units": "megawatthours"
            },
            {
                "period": "2022-11-13T06",
                "subba": "ZONJ",
                "subba-name": "New York City - NYIS",
                "parent": "NYIS",
                "parent-name": "New York Independent System Operator",
                "value": "4261",
                "value-units": "megawatthours"
            },
            {
                "period": "2022-11-13T06",
                "subba": "ZONK",
                "subba-name": "Long Island - NYIS",
                "parent": "NYIS",
                "parent-name": "New York Independent System Operator",
                "value": "1591",
                "value-units": "megawatthours"
            },
            {
                "period": "2022-11-13T05",
                "subba": "ZONA",
                "subba-name": "West - NYIS",
                "parent": "NYIS",
                "parent-name": "New York Independent System Operator",
                "value": "1491",
                "value-units": "megawatthours"
            },
            {
                "period": "2022-11-13T05",
                "subba": "ZONB",
                "subba-name": "Genesee - NYIS",
                "parent": "NYIS",
                "parent-name": "New York Independent System Operator",
                "value": "901",
                "value-units": "megawatthours"
            },
            {
                "period": "2022-11-13T05",
                "subba": "ZONC",
                "subba-name": "Central - NYIS",
                "parent": "NYIS",
                "parent-name": "New York Independent System Operator",
                "value": "1472",
                "value-units": "megawatthours"
            },
            {
                "period": "2022-11-13T05",
                "subba": "ZOND",
                "subba-name": "North - NYIS",
                "parent": "NYIS",
                "parent-name": "New York Independent System Operator",
                "value": "592",
                "value-units": "megawatthours"
            },
            {
                "period": "2022-11-13T05",
                "subba": "ZONE",
                "subba-name": "Mohawk Valley - NYIS",
                "parent": "NYIS",
                "parent-name": "New York Independent System Operator",
                "value": "598",
                "value-units": "megawatthours"
            },
            {
                "period": "2022-11-13T05",
                "subba": "ZONF",
                "subba-name": "Capital - NYIS",
                "parent": "NYIS",
                "parent-name": "New York Independent System Operator",
                "value": "1067",
                "value-units": "megawatthours"
            },
            {
                "period": "2022-11-13T05",
                "subba": "ZONG",
                "subba-name": "Hudson Valley - NYIS",
                "parent": "NYIS",
                "parent-name": "New York Independent System Operator",
                "value": "801",
                "value-units": "megawatthours"
            },
            {
                "period": "2022-11-13T05",
                "subba": "ZONH",
                "subba-name": "Millwood - NYIS",
                "parent": "NYIS",
                "parent-name": "New York Independent System Operator",
                "value": "249",
                "value-units": "megawatthours"
            },
            {
                "period": "2022-11-13T05",
                "subba": "ZONI",
                "subba-name": "Dunwoodie - NYIS",
                "parent": "NYIS",
                "parent-name": "New York Independent System Operator",
                "value": "499",
                "value-units": "megawatthours"
            },
            {
                "period": "2022-11-13T05",
                "subba": "ZONJ",
                "subba-name": "New York City - NYIS",
                "parent": "NYIS",
                "parent-name": "New York Independent System Operator",
                "value": "4457",
                "value-units": "megawatthours"
            },
            {
                "period": "2022-11-13T05",
                "subba": "ZONK",
                "subba-name": "Long Island - NYIS",
                "parent": "NYIS",
                "parent-name": "New York Independent System Operator",
                "value": "1688",
                "value-units": "megawatthours"
            },
            {
                "period": "2022-11-13T04",
                "subba": "ZONA",
                "subba-name": "West - NYIS",
                "parent": "NYIS",
                "parent-name": "New York Independent System Operator",
                "value": "1537",
                "value-units": "megawatthours"
            },
            {
                "period": "2022-11-13T04",
                "subba": "ZONB",
                "subba-name": "Genesee - NYIS",
                "parent": "NYIS",
                "parent-name": "New York Independent System Operator",
                "value": "944",
                "value-units": "megawatthours"
            },
            {
                "period": "2022-11-13T04",
                "subba": "ZONC",
                "subba-name": "Central - NYIS",
                "parent": "NYIS",
                "parent-name": "New York Independent System Operator",
                "value": "1501",
                "value-units": "megawatthours"
            },
            {
                "period": "2022-11-13T04",
                "subba": "ZOND",
                "subba-name": "North - NYIS",
                "parent": "NYIS",
                "parent-name": "New York Independent System Operator",
                "value": "599",
                "value-units": "megawatthours"
            },
            {
                "period": "2022-11-13T04",
                "subba": "ZONE",
                "subba-name": "Mohawk Valley - NYIS",
                "parent": "NYIS",
                "parent-name": "New York Independent System Operator",
                "value": "634",
                "value-units": "megawatthours"
            },
            {
                "period": "2022-11-13T04",
                "subba": "ZONF",
                "subba-name": "Capital - NYIS",
                "parent": "NYIS",
                "parent-name": "New York Independent System Operator",
                "value": "1121",
                "value-units": "megawatthours"
            },
            {
                "period": "2022-11-13T04",
                "subba": "ZONG",
                "subba-name": "Hudson Valley - NYIS",
                "parent": "NYIS",
                "parent-name": "New York Independent System Operator",
                "value": "853",
                "value-units": "megawatthours"
            },
            {
                "period": "2022-11-13T04",
                "subba": "ZONH",
                "subba-name": "Millwood - NYIS",
                "parent": "NYIS",
                "parent-name": "New York Independent System Operator",
                "value": "265",
                "value-units": "megawatthours"
            },
            {
                "period": "2022-11-13T04",
                "subba": "ZONI",
                "subba-name": "Dunwoodie - NYIS",
                "parent": "NYIS",
                "parent-name": "New York Independent System Operator",
                "value": "529",
                "value-units": "megawatthours"
            },
            {
                "period": "2022-11-13T04",
                "subba": "ZONJ",
                "subba-name": "New York City - NYIS",
                "parent": "NYIS",
                "parent-name": "New York Independent System Operator",
                "value": "4664",
                "value-units": "megawatthours"
            },
            {
                "period": "2022-11-13T04",
                "subba": "ZONK",
                "subba-name": "Long Island - NYIS",
                "parent": "NYIS",
                "parent-name": "New York Independent System Operator",
                "value": "1805",
                "value-units": "megawatthours"
            },
            {
                "period": "2022-11-13T03",
                "subba": "ZONA",
                "subba-name": "West - NYIS",
                "parent": "NYIS",
                "parent-name": "New York Independent System Operator",
                "value": "1612",
                "value-units": "megawatthours"
            },
            {
                "period": "2022-11-13T03",
                "subba": "ZONB",
                "subba-name": "Genesee - NYIS",
                "parent": "NYIS",
                "parent-name": "New York Independent System Operator",
                "value": "990",
                "value-units": "megawatthours"
            },
            {
                "period": "2022-11-13T03",
                "subba": "ZONC",
                "subba-name": "Central - NYIS",
                "parent": "NYIS",
                "parent-name": "New York Independent System Operator",
                "value": "1547",
                "value-units": "megawatthours"
            },
            {
                "period": "2022-11-13T03",
                "subba": "ZOND",
                "subba-name": "North - NYIS",
                "parent": "NYIS",
                "parent-name": "New York Independent System Operator",
                "value": "607",
                "value-units": "megawatthours"
            },
            {
                "period": "2022-11-13T03",
                "subba": "ZONE",
                "subba-name": "Mohawk Valley - NYIS",
                "parent": "NYIS",
                "parent-name": "New York Independent System Operator",
                "value": "673",
                "value-units": "megawatthours"
            },
            {
                "period": "2022-11-13T03",
                "subba": "ZONF",
                "subba-name": "Capital - NYIS",
                "parent": "NYIS",
                "parent-name": "New York Independent System Operator",
                "value": "1168",
                "value-units": "megawatthours"
            },
            {
                "period": "2022-11-13T03",
                "subba": "ZONG",
                "subba-name": "Hudson Valley - NYIS",
                "parent": "NYIS",
                "parent-name": "New York Independent System Operator",
                "value": "903",
                "value-units": "megawatthours"
            },
            {
                "period": "2022-11-13T03",
                "subba": "ZONH",
                "subba-name": "Millwood - NYIS",
                "parent": "NYIS",
                "parent-name": "New York Independent System Operator",
                "value": "282",
                "value-units": "megawatthours"
            },
            {
                "period": "2022-11-13T03",
                "subba": "ZONI",
                "subba-name": "Dunwoodie - NYIS",
                "parent": "NYIS",
                "parent-name": "New York Independent System Operator",
                "value": "552",
                "value-units": "megawatthours"
            },
            {
                "period": "2022-11-13T03",
                "subba": "ZONJ",
                "subba-name": "New York City - NYIS",
                "parent": "NYIS",
                "parent-name": "New York Independent System Operator",
                "value": "4851",
                "value-units": "megawatthours"
            },
            {
                "period": "2022-11-13T03",
                "subba": "ZONK",
                "subba-name": "Long Island - NYIS",
                "parent": "NYIS",
                "parent-name": "New York Independent System Operator",
                "value": "1922",
                "value-units": "megawatthours"
            },
            {
                "period": "2022-11-13T02",
                "subba": "ZONA",
                "subba-name": "West - NYIS",
                "parent": "NYIS",
                "parent-name": "New York Independent System Operator",
                "value": "1650",
                "value-units": "megawatthours"
            },
            {
                "period": "2022-11-13T02",
                "subba": "ZONB",
                "subba-name": "Genesee - NYIS",
                "parent": "NYIS",
                "parent-name": "New York Independent System Operator",
                "value": "1029",
                "value-units": "megawatthours"
            },
            {
                "period": "2022-11-13T02",
                "subba": "ZONC",
                "subba-name": "Central - NYIS",
                "parent": "NYIS",
                "parent-name": "New York Independent System Operator",
                "value": "1611",
                "value-units": "megawatthours"
            },
            {
                "period": "2022-11-13T02",
                "subba": "ZOND",
                "subba-name": "North - NYIS",
                "parent": "NYIS",
                "parent-name": "New York Independent System Operator",
                "value": "615",
                "value-units": "megawatthours"
            },
            {
                "period": "2022-11-13T02",
                "subba": "ZONE",
                "subba-name": "Mohawk Valley - NYIS",
                "parent": "NYIS",
                "parent-name": "New York Independent System Operator",
                "value": "707",
                "value-units": "megawatthours"
            },
            {
                "period": "2022-11-13T02",
                "subba": "ZONF",
                "subba-name": "Capital - NYIS",
                "parent": "NYIS",
                "parent-name": "New York Independent System Operator",
                "value": "1215",
                "value-units": "megawatthours"
            },
            {
                "period": "2022-11-13T02",
                "subba": "ZONG",
                "subba-name": "Hudson Valley - NYIS",
                "parent": "NYIS",
                "parent-name": "New York Independent System Operator",
                "value": "948",
                "value-units": "megawatthours"
            },
            {
                "period": "2022-11-13T02",
                "subba": "ZONH",
                "subba-name": "Millwood - NYIS",
                "parent": "NYIS",
                "parent-name": "New York Independent System Operator",
                "value": "294",
                "value-units": "megawatthours"
            },
            {
                "period": "2022-11-13T02",
                "subba": "ZONI",
                "subba-name": "Dunwoodie - NYIS",
                "parent": "NYIS",
                "parent-name": "New York Independent System Operator",
                "value": "573",
                "value-units": "megawatthours"
            },
            {
                "period": "2022-11-13T02",
                "subba": "ZONJ",
                "subba-name": "New York City - NYIS",
                "parent": "NYIS",
                "parent-name": "New York Independent System Operator",
                "value": "4985",
                "value-units": "megawatthours"
            },
            {
                "period": "2022-11-13T02",
                "subba": "ZONK",
                "subba-name": "Long Island - NYIS",
                "parent": "NYIS",
                "parent-name": "New York Independent System Operator",
                "value": "2011",
                "value-units": "megawatthours"
            },
            {
                "period": "2022-11-13T01",
                "subba": "ZONA",
                "subba-name": "West - NYIS",
                "parent": "NYIS",
                "parent-name": "New York Independent System Operator",
                "value": "1670",
                "value-units": "megawatthours"
            },
            {
                "period": "2022-11-13T01",
                "subba": "ZONB",
                "subba-name": "Genesee - NYIS",
                "parent": "NYIS",
                "parent-name": "New York Independent System Operator",
                "value": "1061",
                "value-units": "megawatthours"
            },
            {
                "period": "2022-11-13T01",
                "subba": "ZONC",
                "subba-name": "Central - NYIS",
                "parent": "NYIS",
                "parent-name": "New York Independent System Operator",
                "value": "1663",
                "value-units": "megawatthours"
            },
            {
                "period": "2022-11-13T01",
                "subba": "ZOND",
                "subba-name": "North - NYIS",
                "parent": "NYIS",
                "parent-name": "New York Independent System Operator",
                "value": "628",
                "value-units": "megawatthours"
            },
            {
                "period": "2022-11-13T01",
                "subba": "ZONE",
                "subba-name": "Mohawk Valley - NYIS",
                "parent": "NYIS",
                "parent-name": "New York Independent System Operator",
                "value": "722",
                "value-units": "megawatthours"
            },
            {
                "period": "2022-11-13T01",
                "subba": "ZONF",
                "subba-name": "Capital - NYIS",
                "parent": "NYIS",
                "parent-name": "New York Independent System Operator",
                "value": "1255",
                "value-units": "megawatthours"
            },
            {
                "period": "2022-11-13T01",
                "subba": "ZONG",
                "subba-name": "Hudson Valley - NYIS",
                "parent": "NYIS",
                "parent-name": "New York Independent System Operator",
                "value": "986",
                "value-units": "megawatthours"
            },
            {
                "period": "2022-11-13T01",
                "subba": "ZONH",
                "subba-name": "Millwood - NYIS",
                "parent": "NYIS",
                "parent-name": "New York Independent System Operator",
                "value": "300",
                "value-units": "megawatthours"
            },
            {
                "period": "2022-11-13T01",
                "subba": "ZONI",
                "subba-name": "Dunwoodie - NYIS",
                "parent": "NYIS",
                "parent-name": "New York Independent System Operator",
                "value": "587",
                "value-units": "megawatthours"
            },
            {
                "period": "2022-11-13T01",
                "subba": "ZONJ",
                "subba-name": "New York City - NYIS",
                "parent": "NYIS",
                "parent-name": "New York Independent System Operator",
                "value": "5102",
                "value-units": "megawatthours"
            },
            {
                "period": "2022-11-13T01",
                "subba": "ZONK",
                "subba-name": "Long Island - NYIS",
                "parent": "NYIS",
                "parent-name": "New York Independent System Operator",
                "value": "2085",
                "value-units": "megawatthours"
            },
            {
                "period": "2022-11-13T00",
                "subba": "ZONA",
                "subba-name": "West - NYIS",
                "parent": "NYIS",
                "parent-name": "New York Independent System Operator",
                "value": "1684",
                "value-units": "megawatthours"
            },
            {
                "period": "2022-11-13T00",
                "subba": "ZONB",
                "subba-name": "Genesee - NYIS",
                "parent": "NYIS",
                "parent-name": "New York Independent System Operator",
                "value": "1086",
                "value-units": "megawatthours"
            },
            {
                "period": "2022-11-13T00",
                "subba": "ZONC",
                "subba-name": "Central - NYIS",
                "parent": "NYIS",
                "parent-name": "New York Independent System Operator",
                "value": "1711",
                "value-units": "megawatthours"
            },
            {
                "period": "2022-11-13T00",
                "subba": "ZOND",
                "subba-name": "North - NYIS",
                "parent": "NYIS",
                "parent-name": "New York Independent System Operator",
                "value": "626",
                "value-units": "megawatthours"
            },
            {
                "period": "2022-11-13T00",
                "subba": "ZONE",
                "subba-name": "Mohawk Valley - NYIS",
                "parent": "NYIS",
                "parent-name": "New York Independent System Operator",
                "value": "736",
                "value-units": "megawatthours"
            },
            {
                "period": "2022-11-13T00",
                "subba": "ZONF",
                "subba-name": "Capital - NYIS",
                "parent": "NYIS",
                "parent-name": "New York Independent System Operator",
                "value": "1295",
                "value-units": "megawatthours"
            },
            {
                "period": "2022-11-13T00",
                "subba": "ZONG",
                "subba-name": "Hudson Valley - NYIS",
                "parent": "NYIS",
                "parent-name": "New York Independent System Operator",
                "value": "1016",
                "value-units": "megawatthours"
            },
            {
                "period": "2022-11-13T00",
                "subba": "ZONH",
                "subba-name": "Millwood - NYIS",
                "parent": "NYIS",
                "parent-name": "New York Independent System Operator",
                "value": "306",
                "value-units": "megawatthours"
            },
            {
                "period": "2022-11-13T00",
                "subba": "ZONI",
                "subba-name": "Dunwoodie - NYIS",
                "parent": "NYIS",
                "parent-name": "New York Independent System Operator",
                "value": "598",
                "value-units": "megawatthours"
            },
            {
                "period": "2022-11-13T00",
                "subba": "ZONJ",
                "subba-name": "New York City - NYIS",
                "parent": "NYIS",
                "parent-name": "New York Independent System Operator",
                "value": "5192",
                "value-units": "megawatthours"
            },
            {
                "period": "2022-11-13T00",
                "subba": "ZONK",
                "subba-name": "Long Island - NYIS",
                "parent": "NYIS",
                "parent-name": "New York Independent System Operator",
                "value": "2159",
                "value-units": "megawatthours"
            }
        ],
        "description": "Hourly demand by balancing authority subregion.  \n    Source: Form EIA-930\n    Product: Hourly Electric Grid Monitor"
    },
    "request": {
        "command": "/v2/electricity/rto/region-sub-ba-data/data/",
        "params": {
            "frequency": "hourly",
            "data": [
                "value"
            ],
            "sort": [
                {
                    "column": "period",
                    "direction": "desc"
                }
            ],
            "facets": {
                "parent": [
                    "NYIS"
                ]
            },
            "offset": "0",
            "length": "5000",
            "start": "2022-11-13",
            "end": "2022-11-14",
            "api_key": "dqRq8VpXSoyUrCbrPhuYFxGl6Rul9kmVcRshZ98c"
        }
    },
    "apiVersion": "2.1.8",
    "ExcelAddInVersion": "2.1.0"
}