{
    "response": {
        "total": "275",
        "dateFormat": "YYYY-MM-DD\"T\"HH24",
        "frequency": "hourly",
        "data": [
            {
                "period": "2022-06-27T00",
                "subba": "ZONA",
                "subba-name": "West - NYIS",
                "parent": "NYIS",
                "parent-name": "New York Independent System Operator",
                "value": "2033",
                "value-units": "megawatthours"
            },
            {
                "period": "2022-06-27T00",
                "subba": "ZONB",
                "subba-name": "Genesee - NYIS",
                "parent": "NYIS",
                "parent-name": "New York Independent System Operator",
                "value": "1497",
                "value-units": "megawatthours"
            },
            {
                "period": "2022-06-27T00",
                "subba": "ZONC",
                "subba-name": "Central - NYIS",
                "parent": "NYIS",
                "parent-name": "New York Independent System Operator",
                "value": "2193",
                "value-units": "megawatthours"
            },
            {
                "period": "2022-06-27T00",
                "subba": "ZOND",
                "subba-name": "North - NYIS",
                "parent": "NYIS",
                "parent-name": "New York Independent System Operator",
                "value": "695",
                "value-units": "megawatthours"
            },
            {
                "period": "2022-06-27T00",
                "subba": "ZONE",
                "subba-name": "Mohawk Valley - NYIS",
                "parent": "NYIS",
                "parent-name": "New York Independent System Operator",
                "value": "1043",
                "value-units": "megawatthours"
            },
            {
                "period": "2022-06-27T00",
                "subba": "ZONF",
                "subba-name": "Capital - NYIS",
                "parent": "NYIS",
                "parent-name": "New York Independent System Operator",
                "value": "1979",
                "value-units": "megawatthours"
            },
            {
                "period": "2022-06-27T00",
                "subba": "ZONG",
                "subba-name": "Hudson Valley - NYIS",
                "parent": "NYIS",
                "parent-name": "New York Independent System Operator",
                "value": "1650",
                "value-units": "megawatthours"
            },
            {
                "period": "2022-06-27T00",
                "subba": "ZONH",
                "subba-name": "Millwood - NYIS",
                "parent": "NYIS",
                "parent-name": "New York Independent System Operator",
                "value": "481",
                "value-units": "megawatthours"
            },
            {
                "period": "2022-06-27T00",
                "subba": "ZONI",
                "subba-name": "Dunwoodie - NYIS",
                "parent": "NYIS",
                "parent-name": "New York Independent System Operator",
                "value": "918",
                "value-units": "megawatthours"
            },
            {
                "period": "2022-06-27T00",
                "subba": "ZONJ",
                "subba-name": "New York City - NYIS",
                "parent": "NYIS",
                "parent-name": "New York Independent System Operator",
                "value": "7077",
                "value-units": "megawatthours"
            },
            {
                "period": "2022-06-27T00",
                "subba": "ZONK",
                "subba-name": "Long Island - NYIS",
                "parent": "NYIS",
                "parent-name": "New York Independent System Operator",
                "value": "3469",
                "value-units": "megawatthours"
            },
            {
                "period": "2022-06-26T23",
                "subba": "ZONA",
                "subba-name": "West - NYIS",
                "parent": "NYIS",
                "parent-name": "New York Independent System Operator",
                "value": "2074",
                "value-units": "megawatthours"
            },
            {
                "period": "2022-06-26T23",
                "subba": "ZONB",
                "subba-name": "Genesee - NYIS",
                "parent": "NYIS",
                "parent-name": "New York Independent System Operator",
                "value": "1527",
                "value-units": "megawatthours"
            },
            {
                "period": "2022-06-26T23",
                "subba": "ZONC",
                "subba-name": "Central - NYIS",
                "parent": "NYIS",
                "parent-name": "New York Independent System Operator",
                "value": "2241",
                "value-units": "megawatthours"
            },
            {
                "period": "2022-06-26T23",
                "subba": "ZOND",
                "subba-name": "North - NYIS",
                "parent": "NYIS",
                "parent-name": "New York Independent System Operator",
                "value": "652",
                "value-units": "megawatthours"
            },
            {
                "period": "2022-06-26T23",
                "subba": "ZONE",
                "subba-name": "Mohawk Valley - NYIS",
                "parent": "NYIS",
                "parent-name": "New York Independent System Operator",
                "value": "1097",
                "value-units": "megawatthours"
            },
            {
                "period": "2022-06-26T23",
                "subba": "ZONF",
                "subba-name": "Capital - NYIS",
                "parent": "NYIS",
                "parent-name": "New York Independent System Operator",
                "value": "2003",
                "value-units": "megawatthours"
            },
            {
                "period": "2022-06-26T23",
                "subba": "ZONG",
                "subba-name": "Hudson Valley - NYIS",
                "parent": "NYIS",
                "parent-name": "New York Independent System Operator",
                "value": "1732",
                "value-units": "megawatthours"
            },
            {
                "period": "2022-06-26T23",
                "subba": "ZONH",
                "subba-name": "Millwood - NYIS",
                "parent": "NYIS",
                "parent-name": "New York Independent System Operator",
                "value": "514",
                "value-units": "megawatthours"
            },
            {
                "period": "2022-06-26T23",
                "subba": "ZONI",
                "subba-name": "Dunwoodie - NYIS",
                "parent": "NYIS",
                "parent-name": "New York Independent System Operator",
                "value": "968",
                "value-units": "megawatthours"
            },
            {
                "period": "2022-06-26T23",
                "subba": "ZONJ",
                "subba-name": "New York City - NYIS",
                "parent": "NYIS",
                "parent-name": "New York Independent System Operator",
                "value": "7266",
                "value-units": "megawatthours"
            },
            {
                "period": "2022-06-26T23",
                "subba": "ZONK",
                "subba-name": "Long Island - NYIS",
                "parent": "NYIS",
                "parent-name": "New York Independent System Operator",
                "value": "3701",
                "value-units": "megawatthours"
            },
            {
                "period": "2022-06-26T22",
                "subba": "ZONA",
                "subba-name": "West - NYIS",
                "parent": "NYIS",
                "parent-name": "New York Independent System Operator",
                "value": "2089",
                "value-units": "megawatthours"
            },
            {
                "period": "2022-06-26T22",
                "subba": "ZONB",
                "subba-name": "Genesee - NYIS",
                "parent": "NYIS",
                "parent-name": "New York Independent System Operator",
                "value": "1522",
                "value-units": "megawatthours"
            },
            {
                "period": "2022-06-26T22",
                "subba": "ZONC",
                "subba-name": "Central - NYIS",
                "parent": "NYIS",
                "parent-name": "New York Independent System Operator",
                "value": "2286",
                "value-units": "megawatthours"
            },
            {
                "period": "2022-06-26T22",
                "subba": "ZOND",
                "subba-name": "North - NYIS",
                "parent": "NYIS",
                "parent-name": "New York Independent System Operator",
                "value": "638",
                "value-units": "megawatthours"
            },
            {
                "period": "2022-06-26T22",
                "subba": "ZONE",
                "subba-name": "Mohawk Valley - NYIS",
                "parent": "NYIS",
                "parent-name": "New York Independent System Operator",
                "value": "1089",
                "value-units": "megawatthours"
            },
            {
                "period": "2022-06-26T22",
                "subba": "ZONF",
                "subba-name": "Capital - NYIS",
                "parent": "NYIS",
                "parent-name": "New York Independent System Operator",
                "value": "1968",
                "value-units": "megawatthours"
            },
            {
                "period": "2022-06-26T22",
                "subba": "ZONG",
                "subba-name": "Hudson Valley - NYIS",
                "parent": "NYIS",
                "parent-name": "New York Independent System Operator",
                "value": "1722",
                "value-units": "megawatthours"
            },
            {
                "period": "2022-06-26T22",
                "subba": "ZONH",
                "subba-name": "Millwood - NYIS",
                "parent": "NYIS",
                "parent-name": "New York Independent System Operator",
                "value": "529",
                "value-units": "megawatthours"
            },
            {
                "period": "2022-06-26T22",
                "subba": "ZONI",
                "subba-name": "Dunwoodie - NYIS",
                "parent": "NYIS",
                "parent-name": "New York Independent System Operator",
                "value": "984",
                "value-units": "megawatthours"
            },
            {
                "period": "2022-06-26T22",
                "subba": "ZONJ",
                "subba-name": "New York City - NYIS",
                "parent": "NYIS",
                "parent-name": "New York Independent System Operator",
                "value": "7363",
                "value-units": "megawatthours"
            },
            {
                "period": "2022-06-26T22",
                "subba": "ZONK",
                "subba-name": "Long Island - NYIS",
                "parent": "NYIS",
                "parent-name": "New York Independent System Operator",
                "value": "3789",
                "value-units": "megawatthours"
            },
            {
                "period": "2022-06-26T21",
                "subba": "ZONA",
                "subba-name": "West - NYIS",
                "parent": "NYIS",
                "parent-name": "New York Independent System Operator",
                "value": "2046",
                "value-units": "megawatthours"
            },
            {
                "period": "2022-06-26T21",
                "subba": "ZONB",
                "subba-name": "Genesee - NYIS",
                "parent": "NYIS",
                "parent-name": "New York Independent System Operator",
                "value": "1514",
                "value-units": "megawatthours"
            },
            {
                "period": "2022-06-26T21",
                "subba": "ZONC",
                "subba-name": "Central - NYIS",
                "parent": "NYIS",
                "parent-name": "New York Independent System Operator",
                "value": "2326",
                "value-units": "megawatthours"
            },
            {
                "period": "2022-06-26T21",
                "subba": "ZOND",
                "subba-name": "North - NYIS",
                "parent": "NYIS",
                "parent-name": "New York Independent System Operator",
                "value": "629",
                "value-units": "megawatthours"
            },
            {
                "period": "2022-06-26T21",
                "subba": "ZONE",
                "subba-name": "Mohawk Valley - NYIS",
                "parent": "NYIS",
                "parent-name": "New York Independent System Operator",
                "value": "1043",
                "value-units": "megawatthours"
            },
            {
                "period": "2022-06-26T21",
                "subba": "ZONF",
                "subba-name": "Capital - NYIS",
                "parent": "NYIS",
                "parent-name": "New York Independent System Operator",
                "value": "1866",
                "value-units": "megawatthours"
            },
            {
                "period": "2022-06-26T21",
                "subba": "ZONG",
                "subba-name": "Hudson Valley - NYIS",
                "parent": "NYIS",
                "parent-name": "New York Independent System Operator",
                "value": "1671",
                "value-units": "megawatthours"
            },
            {
                "period": "2022-06-26T21",
                "subba": "ZONH",
                "subba-name": "Millwood - NYIS",
                "parent": "NYIS",
                "parent-name": "New York Independent System Operator",
                "value": "526",
                "value-units": "megawatthours"
            },
            {
                "period": "2022-06-26T21",
                "subba": "ZONI",
                "subba-name": "Dunwoodie - NYIS",
                "parent": "NYIS",
                "parent-name": "New York Independent System Operator",
                "value": "986",
                "value-units": "megawatthours"
            },
            {
                "period": "2022-06-26T21",
                "subba": "ZONJ",
                "subba-name": "New York City - NYIS",
                "parent": "NYIS",
                "parent-name": "New York Independent System Operator",
                "value": "7387",
                "value-units": "megawatthours"
            },
            {
                "period": "2022-06-26T21",
                "subba": "ZONK",
                "subba-name": "Long Island - NYIS",
                "parent": "NYIS",
                "parent-name": "New York Independent System Operator",
                "value": "3762",
                "value-units": "megawatthours"
            },
            {
                "period": "2022-06-26T20",
                "subba": "ZONA",
                "subba-name": "West - NYIS",
                "parent": "NYIS",
                "parent-name": "New York Independent System Operator",
                "value": "2037",
                "value-units": "megawatthours"
            },
            {
                "period": "2022-06-26T20",
                "subba": "ZONB",
                "subba-name": "Genesee - NYIS",
                "parent": "NYIS",
                "parent-name": "New York Independent System Operator",
                "value": "1518",
                "value-units": "megawatthours"
            },
            {
                "period": "2022-06-26T20",
                "subba": "ZONC",
                "subba-name": "Central - NYIS",
                "parent": "NYIS",
                "parent-name": "New York Independent System Operator",
                "value": "2264",
                "value-units": "megawatthours"
            },
            {
                "period": "2022-06-26T20",
                "subba": "ZOND",
                "subba-name": "North - NYIS",
                "parent": "NYIS",
                "parent-name": "New York Independent System Operator",
                "value": "646",
                "value-units": "megawatthours"
            },
            {
                "period": "2022-06-26T20",
                "subba": "ZONE",
                "subba-name": "Mohawk Valley - NYIS",
                "parent": "NYIS",
                "parent-name": "New York Independent System Operator",
                "value": "1007",
                "value-units": "megawatthours"
            },
            {
                "period": "2022-06-26T20",
                "subba": "ZONF",
                "subba-name": "Capital - NYIS",
                "parent": "NYIS",
                "parent-name": "New York Independent System Operator",
                "value": "1783",
                "value-units": "megawatthours"
            },
            {
                "period": "2022-06-26T20",
                "subba": "ZONG",
                "subba-name": "Hudson Valley - NYIS",
                "parent": "NYIS",
                "parent-name": "New York Independent System Operator",
                "value": "1587",
                "value-units": "megawatthours"
            },
            {
                "period": "2022-06-26T20",
                "subba": "ZONH",
                "subba-name": "Millwood - NYIS",
                "parent": "NYIS",
                "parent-name": "New York Independent System Operator",
                "value": "502",
                "value-units": "megawatthours"
            },
            {
                "period": "2022-06-26T20",
                "subba": "ZONI",
                "subba-name": "Dunwoodie - NYIS",
                "parent": "NYIS",
                "parent-name": "New York Independent System Operator",
                "value": "968",
                "value-units": "megawatthours"
            },
            {
                "period": "2022-06-26T20",
                "subba": "ZONJ",
                "subba-name": "New York City - NYIS",
                "parent": "NYIS",
                "parent-name": "New York Independent System Operator",
                "value": "7396",
                "value-units": "megawatthours"
            },
            {
                "period": "2022-06-26T20",
                "subba": "ZONK",
                "subba-name": "Long Island - NYIS",
                "parent": "NYIS",
                "parent-name": "New York Independent System Operator",
                "value": "3720",
                "value-units": "megawatthours"
            },
            {
                "period": "2022-06-26T19",
                "subba": "ZONA",
                "subba-name": "West - NYIS",
                "parent": "NYIS",
                "parent-name": "New York Independent System Operator",
                "value": "2101",
                "value-units": "megawatthours"
            },
            {
                "period": "2022-06-26T19",
                "subba": "ZONB",
                "subba-name": "Genesee - NYIS",
                "parent": "NYIS",
                "parent-name": "New York Independent System Operator",
                "value": "1598",
                "value-units": "megawatthours"
            },
            {
                "period": "2022-06-26T19",
                "subba": "ZONC",
                "subba-name": "Central - NYIS",
                "parent": "NYIS",
                "parent-name": "New York Independent System Operator",
                "value": "2206",
                "value-units": "megawatthours"
            },
            {
                "period": "2022-06-26T19",
                "subba": "ZOND",
                "subba-name": "North - NYIS",
                "parent": "NYIS",
                "parent-name": "New York Independent System Operator",
                "value": "646",
                "value-units": "megawatthours"
            },
            {
                "period": "2022-06-26T19",
                "subba": "ZONE",
                "subba-name": "Mohawk Valley - NYIS",
                "parent": "NYIS",
                "parent-name": "New York Independent System Operator",
                "value": "986",
                "value-units": "megawatthours"
            },
            {
                "period": "2022-06-26T19",
                "subba": "ZONF",
                "subba-name": "Capital - NYIS",
                "parent": "NYIS",
                "parent-name": "New York Independent System Operator",
                "value": "1720",
                "value-units": "megawatthours"
            },
            {
                "period": "2022-06-26T19",
                "subba": "ZONG",
                "subba-name": "Hudson Valley - NYIS",
                "parent": "NYIS",
                "parent-name": "New York Independent System Operator",
                "value": "1514",
                "value-units": "megawatthours"
            },
            {
                "period": "2022-06-26T19",
                "subba": "ZONH",
                "subba-name": "Millwood - NYIS",
                "parent": "NYIS",
                "parent-name": "New York Independent System Operator",
                "value": "496",
                "value-units": "megawatthours"
            },
            {
                "period": "2022-06-26T19",
                "subba": "ZONI",
                "subba-name": "Dunwoodie - NYIS",
                "parent": "NYIS",
                "parent-name": "New York Independent System Operator",
                "value": "945",
                "value-units": "megawatthours"
            },
            {
                "period": "2022-06-26T19",
                "subba": "ZONJ",
                "subba-name": "New York City - NYIS",
                "parent": "NYIS",
                "parent-name": "New York Independent System Operator",
                "value": "7334",
                "value-units": "megawatthours"
            },
            {
                "period": "2022-06-26T19",
                "subba": "ZONK",
                "subba-name": "Long Island - NYIS",
                "parent": "NYIS",
                "parent-name": "New York Independent System Operator",
                "value": "3639",
                "value-units": "megawatthours"
            },
            {
                "period": "2022-06-26T18",
                "subba": "ZONA",
                "subba-name": "West - NYIS",
                "parent": "NYIS",
                "parent-name": "New York Independent System Operator",
                "value": "2109",
                "value-units": "megawatthours"
            },
            {
                "period": "2022-06-26T18",
                "subba": "ZONB",
                "subba-name": "Genesee - NYIS",
                "parent": "NYIS",
                "parent-name": "New York Independent System Operator",
                "value": "1558",
                "value-units": "megawatthours"
            },
            {
                "period": "2022-06-26T18",
                "subba": "ZONC",
                "subba-name": "Central - NYIS",
                "parent": "NYIS",
                "parent-name": "New York Independent System Operator",
                "value": "2150",
                "value-units": "megawatthours"
            },
            {
                "period": "2022-06-26T18",
                "subba": "ZOND",
                "subba-name": "North - NYIS",
                "parent": "NYIS",
                "parent-name": "New York Independent System Operator",
                "value": "654",
                "value-units": "megawatthours"
            },
            {
                "period": "2022-06-26T18",
                "subba": "ZONE",
                "subba-name": "Mohawk Valley - NYIS",
                "parent": "NYIS",
                "parent-name": "New York Independent System Operator",
                "value": "953",
                "value-units": "megawatthours"
            },
            {
                "period": "2022-06-26T18",
                "subba": "ZONF",
                "subba-name": "Capital - NYIS",
                "parent": "NYIS",
                "parent-name": "New York Independent System Operator",
                "value": "1671",
                "value-units": "megawatthours"
            },
            {
                "period": "2022-06-26T18",
                "subba": "ZONG",
                "subba-name": "Hudson Valley - NYIS",
                "parent": "NYIS",
                "parent-name": "New York Independent System Operator",
                "value": "1463",
                "value-units": "megawatthours"
            },
            {
                "period": "2022-06-26T18",
                "subba": "ZONH",
                "subba-name": "Millwood - NYIS",
                "parent": "NYIS",
                "parent-name": "New York Independent System Operator",
                "value": "477",
                "value-units": "megawatthours"
            },
            {
                "period": "2022-06-26T18",
                "subba": "ZONI",
                "subba-name": "Dunwoodie - NYIS",
                "parent": "NYIS",
                "parent-name": "New York Independent System Operator",
                "value": "912",
                "value-units": "megawatthours"
            },
            {
                "period": "2022-06-26T18",
                "subba": "ZONJ",
                "subba-name": "New York City - NYIS",
                "parent": "NYIS",
                "parent-name": "New York Independent System Operator",
                "value": "7263",
                "value-units": "megawatthours"
            },
            {
                "period": "2022-06-26T18",
                "subba": "ZONK",
                "subba-name": "Long Island - NYIS",
                "parent": "NYIS",
                "parent-name": "New York Independent System Operator",
                "value": "3540",
                "value-units": "megawatthours"
            },
            {
                "period": "2022-06-26T17",
                "subba": "ZONA",
                "subba-name": "West - NYIS",
                "parent": "NYIS",
                "parent-name": "New York Independent System Operator",
                "value": "2069",
                "value-units": "megawatthours"
            },
            {
                "period": "2022-06-26T17",
                "subba": "ZONB",
                "subba-name": "Genesee - NYIS",
                "parent": "NYIS",
                "parent-name": "New York Independent System Operator",
                "value": "1488",
                "value-units": "megawatthours"
            },
            {
                "period": "2022-06-26T17",
                "subba": "ZONC",
                "subba-name": "Central - NYIS",
                "parent": "NYIS",
                "parent-name": "New York Independent System Operator",
                "value": "2054",
                "value-units": "megawatthours"
            },
            {
                "period": "2022-06-26T17",
                "subba": "ZOND",
                "subba-name": "North - NYIS",
                "parent": "NYIS",
                "parent-name": "New York Independent System Operator",
                "value": "660",
                "value-units": "megawatthours"
            },
            {
                "period": "2022-06-26T17",
                "subba": "ZONE",
                "subba-name": "Mohawk Valley - NYIS",
                "parent": "NYIS",
                "parent-name": "New York Independent System Operator",
                "value": "933",
                "value-units": "megawatthours"
            },
            {
                "period": "2022-06-26T17",
                "subba": "ZONF",
                "subba-name": "Capital - NYIS",
                "parent": "NYIS",
                "parent-name": "New York Independent System Operator",
                "value": "1625",
                "value-units": "megawatthours"
            },
            {
                "period": "2022-06-26T17",
                "subba": "ZONG",
                "subba-name": "Hudson Valley - NYIS",
                "parent": "NYIS",
                "parent-name": "New York Independent System Operator",
                "value": "1393",
                "value-units": "megawatthours"
            },
            {
                "period": "2022-06-26T17",
                "subba": "ZONH",
                "subba-name": "Millwood - NYIS",
                "parent": "NYIS",
                "parent-name": "New York Independent System Operator",
                "value": "464",
                "value-units": "megawatthours"
            },
            {
                "period": "2022-06-26T17",
                "subba": "ZONI",
                "subba-name": "Dunwoodie - NYIS",
                "parent": "NYIS",
                "parent-name": "New York Independent System Operator",
                "value": "897",
                "value-units": "megawatthours"
            },
            {
                "period": "2022-06-26T17",
                "subba": "ZONJ",
                "subba-name": "New York City - NYIS",
                "parent": "NYIS",
                "parent-name": "New York Independent System Operator",
                "value": "7160",
                "value-units": "megawatthours"
            },
            {
                "period": "2022-06-26T17",
                "subba": "ZONK",
                "subba-name": "Long Island - NYIS",
                "parent": "NYIS",
                "parent-name": "New York Independent System Operator",
                "value": "3432",
                "value-units": "megawatthours"
            },
            {
                "period": "2022-06-26T16",
                "subba": "ZONA",
                "subba-name": "West - NYIS",
                "parent": "NYIS",
                "parent-name": "New York Independent System Operator",
                "value": "2002",
                "value-units": "megawatthours"
            },
            {
                "period": "2022-06-26T16",
                "subba": "ZONB",
                "subba-name": "Genesee - NYIS",
                "parent": "NYIS",
                "parent-name": "New York Independent System Operator",
                "value": "1386",
                "value-units": "megawatthours"
            },
            {
                "period": "2022-06-26T16",
                "subba": "ZONC",
                "subba-name": "Central - NYIS",
                "parent": "NYIS",
                "parent-name": "New York Independent System Operator",
                "value": "1939",
                "value-units": "megawatthours"
            },
            {
                "period": "2022-06-26T16",
                "subba": "ZOND",
                "subba-name": "North - NYIS",
                "parent": "NYIS",
                "parent-name": "New York Independent System Operator",
                "value": "653",
                "value-units": "megawatthours"
            },
            {
                "period": "2022-06-26T16",
                "subba": "ZONE",
                "subba-name": "Mohawk Valley - NYIS",
                "parent": "NYIS",
                "parent-name": "New York Independent System Operator",
                "value": "898",
                "value-units": "megawatthours"
            },
            {
                "period": "2022-06-26T16",
                "subba": "ZONF",
                "subba-name": "Capital - NYIS",
                "parent": "NYIS",
                "parent-name": "New York Independent System Operator",
                "value": "1557",
                "value-units": "megawatthours"
            },
            {
                "period": "2022-06-26T16",
                "subba": "ZONG",
                "subba-name": "Hudson Valley - NYIS",
                "parent": "NYIS",
                "parent-name": "New York Independent System Operator",
                "value": "1298",
                "value-units": "megawatthours"
            },
            {
                "period": "2022-06-26T16",
                "subba": "ZONH",
                "subba-name": "Millwood - NYIS",
                "parent": "NYIS",
                "parent-name": "New York Independent System Operator",
                "value": "436",
                "value-units": "megawatthours"
            },
            {
                "period": "2022-06-26T16",
                "subba": "ZONI",
                "subba-name": "Dunwoodie - NYIS",
                "parent": "NYIS",
                "parent-name": "New York Independent System Operator",
                "value": "855",
                "value-units": "megawatthours"
            },
            {
                "period": "2022-06-26T16",
                "subba": "ZONJ",
                "subba-name": "New York City - NYIS",
                "parent": "NYIS",
                "parent-name": "New York Independent System Operator",
                "value": "6994",
                "value-units": "megawatthours"
            },
            {
                "period": "2022-06-26T16",
                "subba": "ZONK",
                "subba-name": "Long Island - NYIS",
                "parent": "NYIS",
                "parent-name": "New York Independent System Operator",
                "value": "3226",
                "value-units": "megawatthours"
            },
            {
                "period": "2022-06-26T15",
                "subba": "ZONA",
                "subba-name": "West - NYIS",
                "parent": "NYIS",
                "parent-name": "New York Independent System Operator",
                "value": "1943",
                "value-units": "megawatthours"
            },
            {
                "period": "2022-06-26T15",
                "subba": "ZONB",
                "subba-name": "Genesee - NYIS",
                "parent": "NYIS",
                "parent-name": "New York Independent System Operator",
                "value": "1280",
                "value-units": "megawatthours"
            },
            {
                "period": "2022-06-26T15",
                "subba": "ZONC",
                "subba-name": "Central - NYIS",
                "parent": "NYIS",
                "parent-name": "New York Independent System Operator",
                "value": "1822",
                "value-units": "megawatthours"
            },
            {
                "period": "2022-06-26T15",
                "subba": "ZOND",
                "subba-name": "North - NYIS",
                "parent": "NYIS",
                "parent-name": "New York Independent System Operator",
                "value": "657",
                "value-units": "megawatthours"
            },
            {
                "period": "2022-06-26T15",
                "subba": "ZONE",
                "subba-name": "Mohawk Valley - NYIS",
                "parent": "NYIS",
                "parent-name": "New York Independent System Operator",
                "value": "857",
                "value-units": "megawatthours"
            },
            {
                "period": "2022-06-26T15",
                "subba": "ZONF",
                "subba-name": "Capital - NYIS",
                "parent": "NYIS",
                "parent-name": "New York Independent System Operator",
                "value": "1471",
                "value-units": "megawatthours"
            },
            {
                "period": "2022-06-26T15",
                "subba": "ZONG",
                "subba-name": "Hudson Valley - NYIS",
                "parent": "NYIS",
                "parent-name": "New York Independent System Operator",
                "value": "1174",
                "value-units": "megawatthours"
            },
            {
                "period": "2022-06-26T15",
                "subba": "ZONH",
                "subba-name": "Millwood - NYIS",
                "parent": "NYIS",
                "parent-name": "New York Independent System Operator",
                "value": "397",
                "value-units": "megawatthours"
            },
            {
                "period": "2022-06-26T15",
                "subba": "ZONI",
                "subba-name": "Dunwoodie - NYIS",
                "parent": "NYIS",
                "parent-name": "New York Independent System Operator",
                "value": "802",
                "value-units": "megawatthours"
            },
            {
                "period": "2022-06-26T15",
                "subba": "ZONJ",
                "subba-name": "New York City - NYIS",
                "parent": "NYIS",
                "parent-name": "New York Independent System Operator",
                "value": "6706",
                "value-units": "megawatthours"
            },
            {
                "period": "2022-06-26T15",
                "subba": "ZONK",
                "subba-name": "Long Island - NYIS",
                "parent": "NYIS",
                "parent-name": "New York Independent System Operator",
                "value": "2942",
                "value-units": "megawatthours"
            },
            {
                "period": "2022-06-26T14",
                "subba": "ZONA",
                "subba-name": "West - NYIS",
                "parent": "NYIS",
                "parent-name": "New York Independent System Operator",
                "value": "1846",
                "value-units": "megawatthours"
            },
            {
                "period": "2022-06-26T14",
                "subba": "ZONB",
                "subba-name": "Genesee - NYIS",
                "parent": "NYIS",
                "parent-name": "New York Independent System Operator",
                "value": "1190",
                "value-units": "megawatthours"
            },
            {
                "period": "2022-06-26T14",
                "subba": "ZONC",
                "subba-name": "Central - NYIS",
                "parent": "NYIS",
                "parent-name": "New York Independent System Operator",
                "value": "1746",
                "value-units": "megawatthours"
            },
            {
                "period": "2022-06-26T14",
                "subba": "ZOND",
                "subba-name": "North - NYIS",
                "parent": "NYIS",
                "parent-name": "New York Independent System Operator",
                "value": "644",
                "value-units": "megawatthours"
            },
            {
                "period": "2022-06-26T14",
                "subba": "ZONE",
                "subba-name": "Mohawk Valley - NYIS",
                "parent": "NYIS",
                "parent-name": "New York Independent System Operator",
                "value": "795",
                "value-units": "megawatthours"
            },
            {
                "period": "2022-06-26T14",
                "subba": "ZONF",
                "subba-name": "Capital - NYIS",
                "parent": "NYIS",
                "parent-name": "New York Independent System Operator",
                "value": "1392",
                "value-units": "megawatthours"
            },
            {
                "period": "2022-06-26T14",
                "subba": "ZONG",
                "subba-name": "Hudson Valley - NYIS",
                "parent": "NYIS",
                "parent-name": "New York Independent System Operator",
                "value": "1059",
                "value-units": "megawatthours"
            },
            {
                "period": "2022-06-26T14",
                "subba": "ZONH",
                "subba-name": "Millwood - NYIS",
                "parent": "NYIS",
                "parent-name": "New York Independent System Operator",
                "value": "362",
                "value-units": "megawatthours"
            },
            {
                "period": "2022-06-26T14",
                "subba": "ZONI",
                "subba-name": "Dunwoodie - NYIS",
                "parent": "NYIS",
                "parent-name": "New York Independent System Operator",
                "value": "740",
                "value-units": "megawatthours"
            },
            {
                "period": "2022-06-26T14",
                "subba": "ZONJ",
                "subba-name": "New York City - NYIS",
                "parent": "NYIS",
                "parent-name": "New York Independent System Operator",
                "value": "6343",
                "value-units": "megawatthours"
            },
            {
                "period": "2022-06-26T14",
                "subba": "ZONK",
                "subba-name": "Long Island - NYIS",
                "parent": "NYIS",
                "parent-name": "New York Independent System Operator",
                "value": "2648",
                "value-units": "megawatthours"
            },
            {
                "period": "2022-06-26T13",
                "subba": "ZONA",
                "subba-name": "West - NYIS",
                "parent": "NYIS",
                "parent-name": "New York Independent System Operator",
                "value": "1727",
                "value-units": "megawatthours"
            },
            {
                "period": "2022-06-26T13",
                "subba": "ZONB",
                "subba-name": "Genesee - NYIS",
                "parent": "NYIS",
                "parent-name": "New York Independent System Operator",
                "value": "1082",
                "value-units": "megawatthours"
            },
            {
                "period": "2022-06-26T13",
                "subba": "ZONC",
                "subba-name": "Central - NYIS",
                "parent": "NYIS",
                "parent-name": "New York Independent System Operator",
                "value": "1644",
                "value-units": "megawatthours"
            },
            {
                "period": "2022-06-26T13",
                "subba": "ZOND",
                "subba-name": "North - NYIS",
                "parent": "NYIS",
                "parent-name": "New York Independent System Operator",
                "value": "635",
                "value-units": "megawatthours"
            },
            {
                "period": "2022-06-26T13",
                "subba": "ZONE",
                "subba-name": "Mohawk Valley - NYIS",
                "parent": "NYIS",
                "parent-name": "New York Independent System Operator",
                "value": "756",
                "value-units": "megawatthours"
            },
            {
                "period": "2022-06-26T13",
                "subba": "ZONF",
                "subba-name": "Capital - NYIS",
                "parent": "NYIS",
                "parent-name": "New York Independent System Operator",
                "value": "1317",
                "value-units": "megawatthours"
            },
            {
                "period": "2022-06-26T13",
                "subba": "ZONG",
                "subba-name": "Hudson Valley - NYIS",
                "parent": "NYIS",
                "parent-name": "New York Independent System Operator",
                "value": "971",
                "value-units": "megawatthours"
            },
            {
                "period": "2022-06-26T13",
                "subba": "ZONH",
                "subba-name": "Millwood - NYIS",
                "parent": "NYIS",
                "parent-name": "New York Independent System Operator",
                "value": "320",
                "value-units": "megawatthours"
            },
            {
                "period": "2022-06-26T13",
                "subba": "ZONI",
                "subba-name": "Dunwoodie - NYIS",
                "parent": "NYIS",
                "parent-name": "New York Independent System Operator",
                "value": "679",
                "value-units": "megawatthours"
            },
            {
                "period": "2022-06-26T13",
                "subba": "ZONJ",
                "subba-name": "New York City - NYIS",
                "parent": "NYIS",
                "parent-name": "New York Independent System Operator",
                "value": "5955",
                "value-units": "megawatthours"
            },
            {
                "period": "2022-06-26T13",
                "subba": "ZONK",
                "subba-name": "Long Island - NYIS",
                "parent": "NYIS",
                "parent-name": "New York Independent System Operator",
                "value": "2379",
                "value-units": "megawatthours"
            },
            {
                "period": "2022-06-26T12",
                "subba": "ZONA",
                "subba-name": "West - NYIS",
                "parent": "NYIS",
                "parent-name": "New York Independent System Operator",
                "value": "1592",
                "value-units": "megawatthours"
            },
            {
                "period": "2022-06-26T12",
                "subba": "ZONB",
                "subba-name": "Genesee - NYIS",
                "parent": "NYIS",
                "parent-name": "New York Independent System Operator",
                "value": "1003",
                "value-units": "megawatthours"
            },
            {
                "period": "2022-06-26T12",
                "subba": "ZONC",
                "subba-name": "Central - NYIS",
                "parent": "NYIS",
                "parent-name": "New York Independent System Operator",
                "value": "1541",
                "value-units": "megawatthours"
            },
            {
                "period": "2022-06-26T12",
                "subba": "ZOND",
                "subba-name": "North - NYIS",
                "parent": "NYIS",
                "parent-name": "New York Independent System Operator",
                "value": "620",
                "value-units": "megawatthours"
            },
            {
                "period": "2022-06-26T12",
                "subba": "ZONE",
                "subba-name": "Mohawk Valley - NYIS",
                "parent": "NYIS",
                "parent-name": "New York Independent System Operator",
                "value": "711",
                "value-units": "megawatthours"
            },
            {
                "period": "2022-06-26T12",
                "subba": "ZONF",
                "subba-name": "Capital - NYIS",
                "parent": "NYIS",
                "parent-name": "New York Independent System Operator",
                "value": "1255",
                "value-units": "megawatthours"
            },
            {
                "period": "2022-06-26T12",
                "subba": "ZONG",
                "subba-name": "Hudson Valley - NYIS",
                "parent": "NYIS",
                "parent-name": "New York Independent System Operator",
                "value": "908",
                "value-units": "megawatthours"
            },
            {
                "period": "2022-06-26T12",
                "subba": "ZONH",
                "subba-name": "Millwood - NYIS",
                "parent": "NYIS",
                "parent-name": "New York Independent System Operator",
                "value": "279",
                "value-units": "megawatthours"
            },
            {
                "period": "2022-06-26T12",
                "subba": "ZONI",
                "subba-name": "Dunwoodie - NYIS",
                "parent": "NYIS",
                "parent-name": "New York Independent System Operator",
                "value": "623",
                "value-units": "megawatthours"
            },
            {
                "period": "2022-06-26T12",
                "subba": "ZONJ",
                "subba-name": "New York City - NYIS",
                "parent": "NYIS",
                "parent-name": "New York Independent System Operator",
                "value": "5608",
                "value-units": "megawatthours"
            },
            {
                "period": "2022-06-26T12",
                "subba": "ZONK",
                "subba-name": "Long Island - NYIS",
                "parent": "NYIS",
                "parent-name": "New York Independent System Operator",
                "value": "2155",
                "value-units": "megawatthours"
            },
            {
                "period": "2022-06-26T11",
                "subba": "ZONA",
                "subba-name": "West - NYIS",
                "parent": "NYIS",
                "parent-name": "New York Independent System Operator",
                "value": "1507",
                "value-units": "megawatthours"
            },
            {
                "period": "2022-06-26T11",
                "subba": "ZONB",
                "subba-name": "Genesee - NYIS",
                "parent": "NYIS",
                "parent-name": "New York Independent System Operator",
                "value": "969",
                "value-units": "megawatthours"
            },
            {
                "period": "2022-06-26T11",
                "subba": "ZONC",
                "subba-name": "Central - NYIS",
                "parent": "NYIS",
                "parent-name": "New York Independent System Operator",
                "value": "1470",
                "value-units": "megawatthours"
            },
            {
                "period": "2022-06-26T11",
                "subba": "ZOND",
                "subba-name": "North - NYIS",
                "parent": "NYIS",
                "parent-name": "New York Independent System Operator",
                "value": "609",
                "value-units": "megawatthours"
            },
            {
                "period": "2022-06-26T11",
                "subba": "ZONE",
                "subba-name": "Mohawk Valley - NYIS",
                "parent": "NYIS",
                "parent-name": "New York Independent System Operator",
                "value": "682",
                "value-units": "megawatthours"
            },
            {
                "period": "2022-06-26T11",
                "subba": "ZONF",
                "subba-name": "Capital - NYIS",
                "parent": "NYIS",
                "parent-name": "New York Independent System Operator",
                "value": "1204",
                "value-units": "megawatthours"
            },
            {
                "period": "2022-06-26T11",
                "subba": "ZONG",
                "subba-name": "Hudson Valley - NYIS",
                "parent": "NYIS",
                "parent-name": "New York Independent System Operator",
                "value": "867",
                "value-units": "megawatthours"
            },
            {
                "period": "2022-06-26T11",
                "subba": "ZONH",
                "subba-name": "Millwood - NYIS",
                "parent": "NYIS",
                "parent-name": "New York Independent System Operator",
                "value": "256",
                "value-units": "megawatthours"
            },
            {
                "period": "2022-06-26T11",
                "subba": "ZONI",
                "subba-name": "Dunwoodie - NYIS",
                "parent": "NYIS",
                "parent-name": "New York Independent System Operator",
                "value": "579",
                "value-units": "megawatthours"
            },
            {
                "period": "2022-06-26T11",
                "subba": "ZONJ",
                "subba-name": "New York City - NYIS",
                "parent": "NYIS",
                "parent-name": "New York Independent System Operator",
                "value": "5338",
                "value-units": "megawatthours"
            },
            {
                "period": "2022-06-26T11",
                "subba": "ZONK",
                "subba-name": "Long Island - NYIS",
                "parent": "NYIS",
                "parent-name": "New York Independent System Operator",
                "value": "2022",
                "value-units": "megawatthours"
            },
            {
                "period": "2022-06-26T10",
                "subba": "ZONA",
                "subba-name": "West - NYIS",
                "parent": "NYIS",
                "parent-name": "New York Independent System Operator",
                "value": "1498",
                "value-units": "megawatthours"
            },
            {
                "period": "2022-06-26T10",
                "subba": "ZONB",
                "subba-name": "Genesee - NYIS",
                "parent": "NYIS",
                "parent-name": "New York Independent System Operator",
                "value": "959",
                "value-units": "megawatthours"
            },
            {
                "period": "2022-06-26T10",
                "subba": "ZONC",
                "subba-name": "Central - NYIS",
                "parent": "NYIS",
                "parent-name": "New York Independent System Operator",
                "value": "1448",
                "value-units": "megawatthours"
            },
            {
                "period": "2022-06-26T10",
                "subba": "ZOND",
                "subba-name": "North - NYIS",
                "parent": "NYIS",
                "parent-name": "New York Independent System Operator",
                "value": "605",
                "value-units": "megawatthours"
            },
            {
                "period": "2022-06-26T10",
                "subba": "ZONE",
                "subba-name": "Mohawk Valley - NYIS",
                "parent": "NYIS",
                "parent-name": "New York Independent System Operator",
                "value": "678",
                "value-units": "megawatthours"
            },
            {
                "period": "2022-06-26T10",
                "subba": "ZONF",
                "subba-name": "Capital - NYIS",
                "parent": "NYIS",
                "parent-name": "New York Independent System Operator",
                "value": "1179",
                "value-units": "megawatthours"
            },
            {
                "period": "2022-06-26T10",
                "subba": "ZONG",
                "subba-name": "Hudson Valley - NYIS",
                "parent": "NYIS",
                "parent-name": "New York Independent System Operator",
                "value": "854",
                "value-units": "megawatthours"
            },
            {
                "period": "2022-06-26T10",
                "subba": "ZONH",
                "subba-name": "Millwood - NYIS",
                "parent": "NYIS",
                "parent-name": "New York Independent System Operator",
                "value": "249",
                "value-units": "megawatthours"
            },
            {
                "period": "2022-06-26T10",
                "subba": "ZONI",
                "subba-name": "Dunwoodie - NYIS",
                "parent": "NYIS",
                "parent-name": "New York Independent System Operator",
                "value": "570",
                "value-units": "megawatthours"
            },
            {
                "period": "2022-06-26T10",
                "subba": "ZONJ",
                "subba-name": "New York City - NYIS",
                "parent": "NYIS",
                "parent-name": "New York Independent System Operator",
                "value": "5249",
                "value-units": "megawatthours"
            },
            {
                "period": "2022-06-26T10",
                "subba": "ZONK",
                "subba-name": "Long Island - NYIS",
                "parent": "NYIS",
                "parent-name": "New York Independent System Operator",
                "value": "2003",
                "value-units": "megawatthours"
            },
            {
                "period": "2022-06-26T09",
                "subba": "ZONA",
                "subba-name": "West - NYIS",
                "parent": "NYIS",
                "parent-name": "New York Independent System Operator",
                "value": "1531",
                "value-units": "megawatthours"
            },
            {
                "period": "2022-06-26T09",
                "subba": "ZONB",
                "subba-name": "Genesee - NYIS",
                "parent": "NYIS",
                "parent-name": "New York Independent System Operator",
                "value": "970",
                "value-units": "megawatthours"
            },
            {
                "period": "2022-06-26T09",
                "subba": "ZONC",
                "subba-name": "Central - NYIS",
                "parent": "NYIS",
                "parent-name": "New York Independent System Operator",
                "value": "1457",
                "value-units": "megawatthours"
            },
            {
                "period": "2022-06-26T09",
                "subba": "ZOND",
                "subba-name": "North - NYIS",
                "parent": "NYIS",
                "parent-name": "New York Independent System Operator",
                "value": "602",
                "value-units": "megawatthours"
            },
            {
                "period": "2022-06-26T09",
                "subba": "ZONE",
                "subba-name": "Mohawk Valley - NYIS",
                "parent": "NYIS",
                "parent-name": "New York Independent System Operator",
                "value": "681",
                "value-units": "megawatthours"
            },
            {
                "period": "2022-06-26T09",
                "subba": "ZONF",
                "subba-name": "Capital - NYIS",
                "parent": "NYIS",
                "parent-name": "New York Independent System Operator",
                "value": "1201",
                "value-units": "megawatthours"
            },
            {
                "period": "2022-06-26T09",
                "subba": "ZONG",
                "subba-name": "Hudson Valley - NYIS",
                "parent": "NYIS",
                "parent-name": "New York Independent System Operator",
                "value": "871",
                "value-units": "megawatthours"
            },
            {
                "period": "2022-06-26T09",
                "subba": "ZONH",
                "subba-name": "Millwood - NYIS",
                "parent": "NYIS",
                "parent-name": "New York Independent System Operator",
                "value": "254",
                "value-units": "megawatthours"
            },
            {
                "period": "2022-06-26T09",
                "subba": "ZONI",
                "subba-name": "Dunwoodie - NYIS",
                "parent": "NYIS",
                "parent-name": "New York Independent System Operator",
                "value": "583",
                "value-units": "megawatthours"
            },
            {
                "period": "2022-06-26T09",
                "subba": "ZONJ",
                "subba-name": "New York City - NYIS",
                "parent": "NYIS",
                "parent-name": "New York Independent System Operator",
                "value": "5311",
                "value-units": "megawatthours"
            },
            {
                "period": "2022-06-26T09",
                "subba": "ZONK",
                "subba-name": "Long Island - NYIS",
                "parent": "NYIS",
                "parent-name": "New York Independent System Operator",
                "value": "2054",
                "value-units": "megawatthours"
            },
            {
                "period": "2022-06-26T08",
                "subba": "ZONA",
                "subba-name": "West - NYIS",
                "parent": "NYIS",
                "parent-name": "New York Independent System Operator",
                "value": "1559",
                "value-units": "megawatthours"
            },
            {
                "period": "2022-06-26T08",
                "subba": "ZONB",
                "subba-name": "Genesee - NYIS",
                "parent": "NYIS",
                "parent-name": "New York Independent System Operator",
                "value": "990",
                "value-units": "megawatthours"
            },
            {
                "period": "2022-06-26T08",
                "subba": "ZONC",
                "subba-name": "Central - NYIS",
                "parent": "NYIS",
                "parent-name": "New York Independent System Operator",
                "value": "1466",
                "value-units": "megawatthours"
            },
            {
                "period": "2022-06-26T08",
                "subba": "ZOND",
                "subba-name": "North - NYIS",
                "parent": "NYIS",
                "parent-name": "New York Independent System Operator",
                "value": "612",
                "value-units": "megawatthours"
            },
            {
                "period": "2022-06-26T08",
                "subba": "ZONE",
                "subba-name": "Mohawk Valley - NYIS",
                "parent": "NYIS",
                "parent-name": "New York Independent System Operator",
                "value": "693",
                "value-units": "megawatthours"
            },
            {
                "period": "2022-06-26T08",
                "subba": "ZONF",
                "subba-name": "Capital - NYIS",
                "parent": "NYIS",
                "parent-name": "New York Independent System Operator",
                "value": "1226",
                "value-units": "megawatthours"
            },
            {
                "period": "2022-06-26T08",
                "subba": "ZONG",
                "subba-name": "Hudson Valley - NYIS",
                "parent": "NYIS",
                "parent-name": "New York Independent System Operator",
                "value": "895",
                "value-units": "megawatthours"
            },
            {
                "period": "2022-06-26T08",
                "subba": "ZONH",
                "subba-name": "Millwood - NYIS",
                "parent": "NYIS",
                "parent-name": "New York Independent System Operator",
                "value": "264",
                "value-units": "megawatthours"
            },
            {
                "period": "2022-06-26T08",
                "subba": "ZONI",
                "subba-name": "Dunwoodie - NYIS",
                "parent": "NYIS",
                "parent-name": "New York Independent System Operator",
                "value": "601",
                "value-units": "megawatthours"
            },
            {
                "period": "2022-06-26T08",
                "subba": "ZONJ",
                "subba-name": "New York City - NYIS",
                "parent": "NYIS",
                "parent-name": "New York Independent System Operator",
                "value": "5415",
                "value-units": "megawatthours"
            },
            {
                "period": "2022-06-26T08",
                "subba": "ZONK",
                "subba-name": "Long Island - NYIS",
                "parent": "NYIS",
                "parent-name": "New York Independent System Operator",
                "value": "2114",
                "value-units": "megawatthours"
            },
            {
                "period": "2022-06-26T07",
                "subba": "ZONA",
                "subba-name": "West - NYIS",
                "parent": "NYIS",
                "parent-name": "New York Independent System Operator",
                "value": "1597",
                "value-units": "megawatthours"
            },
            {
                "period": "2022-06-26T07",
                "subba": "ZONB",
                "subba-name": "Genesee - NYIS",
                "parent": "NYIS",
                "parent-name": "New York Independent System Operator",
                "value": "1023",
                "value-units": "megawatthours"
            },
            {
                "period": "2022-06-26T07",
                "subba": "ZONC",
                "subba-name": "Central - NYIS",
                "parent": "NYIS",
                "parent-name": "New York Independent System Operator",
                "value": "1500",
                "value-units": "megawatthours"
            },
            {
                "period": "2022-06-26T07",
                "subba": "ZOND",
                "subba-name": "North - NYIS",
                "parent": "NYIS",
                "parent-name": "New York Independent System Operator",
                "value": "617",
                "value-units": "megawatthours"
            },
            {
                "period": "2022-06-26T07",
                "subba": "ZONE",
                "subba-name": "Mohawk Valley - NYIS",
                "parent": "NYIS",
                "parent-name": "New York Independent System Operator",
                "value": "706",
                "value-units": "megawatthours"
            },
            {
                "period": "2022-06-26T07",
                "subba": "ZONF",
                "subba-name": "Capital - NYIS",
                "parent": "NYIS",
                "parent-name": "New York Independent System Operator",
                "value": "1260",
                "value-units": "megawatthours"
            },
            {
                "period": "2022-06-26T07",
                "subba": "ZONG",
                "subba-name": "Hudson Valley - NYIS",
                "parent": "NYIS",
                "parent-name": "New York Independent System Operator",
                "value": "934",
                "value-units": "megawatthours"
            },
            {
                "period": "2022-06-26T07",
                "subba": "ZONH",
                "subba-name": "Millwood - NYIS",
                "parent": "NYIS",
                "parent-name": "New York Independent System Operator",
                "value": "283",
                "value-units": "megawatthours"
            },
            {
                "period": "2022-06-26T07",
                "subba": "ZONI",
                "subba-name": "Dunwoodie - NYIS",
                "parent": "NYIS",
                "parent-name": "New York Independent System Operator",
                "value": "632",
                "value-units": "megawatthours"
            },
            {
                "period": "2022-06-26T07",
                "subba": "ZONJ",
                "subba-name": "New York City - NYIS",
                "parent": "NYIS",
                "parent-name": "New York Independent System Operator",
                "value": "5563",
                "value-units": "megawatthours"
            },
            {
                "period": "2022-06-26T07",
                "subba": "ZONK",
                "subba-name": "Long Island - NYIS",
                "parent": "NYIS",
                "parent-name": "New York Independent System Operator",
                "value": "2218",
                "value-units": "megawatthours"
            },
            {
                "period": "2022-06-26T06",
                "subba": "ZONA",
                "subba-name": "West - NYIS",
                "parent": "NYIS",
                "parent-name": "New York Independent System Operator",
                "value": "1661",
                "value-units": "megawatthours"
            },
            {
                "period": "2022-06-26T06",
                "subba": "ZONB",
                "subba-name": "Genesee - NYIS",
                "parent": "NYIS",
                "parent-name": "New York Independent System Operator",
                "value": "1067",
                "value-units": "megawatthours"
            },
            {
                "period": "2022-06-26T06",
                "subba": "ZONC",
                "subba-name": "Central - NYIS",
                "parent": "NYIS",
                "parent-name": "New York Independent System Operator",
                "value": "1556",
                "value-units": "megawatthours"
            },
            {
                "period": "2022-06-26T06",
                "subba": "ZOND",
                "subba-name": "North - NYIS",
                "parent": "NYIS",
                "parent-name": "New York Independent System Operator",
                "value": "612",
                "value-units": "megawatthours"
            },
            {
                "period": "2022-06-26T06",
                "subba": "ZONE",
                "subba-name": "Mohawk Valley - NYIS",
                "parent": "NYIS",
                "parent-name": "New York Independent System Operator",
                "value": "729",
                "value-units": "megawatthours"
            },
            {
                "period": "2022-06-26T06",
                "subba": "ZONF",
                "subba-name": "Capital - NYIS",
                "parent": "NYIS",
                "parent-name": "New York Independent System Operator",
                "value": "1316",
                "value-units": "megawatthours"
            },
            {
                "period": "2022-06-26T06",
                "subba": "ZONG",
                "subba-name": "Hudson Valley - NYIS",
                "parent": "NYIS",
                "parent-name": "New York Independent System Operator",
                "value": "997",
                "value-units": "megawatthours"
            },
            {
                "period": "2022-06-26T06",
                "subba": "ZONH",
                "subba-name": "Millwood - NYIS",
                "parent": "NYIS",
                "parent-name": "New York Independent System Operator",
                "value": "301",
                "value-units": "megawatthours"
            },
            {
                "period": "2022-06-26T06",
                "subba": "ZONI",
                "subba-name": "Dunwoodie - NYIS",
                "parent": "NYIS",
                "parent-name": "New York Independent System Operator",
                "value": "676",
                "value-units": "megawatthours"
            },
            {
                "period": "2022-06-26T06",
                "subba": "ZONJ",
                "subba-name": "New York City - NYIS",
                "parent": "NYIS",
                "parent-name": "New York Independent System Operator",
                "value": "5767",
                "value-units": "megawatthours"
            },
            {
                "period": "2022-06-26T06",
                "subba": "ZONK",
                "subba-name": "Long Island - NYIS",
                "parent": "NYIS",
                "parent-name": "New York Independent System Operator",
                "value": "2351",
                "value-units": "megawatthours"
            },
            {
                "period": "2022-06-26T05",
                "subba": "ZONA",
                "subba-name": "West - NYIS",
                "parent": "NYIS",
                "parent-name": "New York Independent System Operator",
                "value": "1742",
                "value-units": "megawatthours"
            },
            {
                "period": "2022-06-26T05",
                "subba": "ZONB",
                "subba-name": "Genesee - NYIS",
                "parent": "NYIS",
                "parent-name": "New York Independent System Operator",
                "value": "1132",
                "value-units": "megawatthours"
            },
            {
                "period": "2022-06-26T05",
                "subba": "ZONC",
                "subba-name": "Central - NYIS",
                "parent": "NYIS",
                "parent-name": "New York Independent System Operator",
                "value": "1655",
                "value-units": "megawatthours"
            },
            {
                "period": "2022-06-26T05",
                "subba": "ZOND",
                "subba-name": "North - NYIS",
                "parent": "NYIS",
                "parent-name": "New York Independent System Operator",
                "value": "628",
                "value-units": "megawatthours"
            },
            {
                "period": "2022-06-26T05",
                "subba": "ZONE",
                "subba-name": "Mohawk Valley - NYIS",
                "parent": "NYIS",
                "parent-name": "New York Independent System Operator",
                "value": "745",
                "value-units": "megawatthours"
            },
            {
                "period": "2022-06-26T05",
                "subba": "ZONF",
                "subba-name": "Capital - NYIS",
                "parent": "NYIS",
                "parent-name": "New York Independent System Operator",
                "value": "1386",
                "value-units": "megawatthours"
            },
            {
                "period": "2022-06-26T05",
                "subba": "ZONG",
                "subba-name": "Hudson Valley - NYIS",
                "parent": "NYIS",
                "parent-name": "New York Independent System Operator",
                "value": "1085",
                "value-units": "megawatthours"
            },
            {
                "period": "2022-06-26T05",
                "subba": "ZONH",
                "subba-name": "Millwood - NYIS",
                "parent": "NYIS",
                "parent-name": "New York Independent System Operator",
                "value": "326",
                "value-units": "megawatthours"
            },
            {
                "period": "2022-06-26T05",
                "subba": "ZONI",
                "subba-name": "Dunwoodie - NYIS",
                "parent": "NYIS",
                "parent-name": "New York Independent System Operator",
                "value": "722",
                "value-units": "megawatthours"
            },
            {
                "period": "2022-06-26T05",
                "subba": "ZONJ",
                "subba-name": "New York City - NYIS",
                "parent": "NYIS",
                "parent-name": "New York Independent System Operator",
                "value": "6017",
                "value-units": "megawatthours"
            },
            {
                "period": "2022-06-26T05",
                "subba": "ZONK",
                "subba-name": "Long Island - NYIS",
                "parent": "NYIS",
                "parent-name": "New York Independent System Operator",
                "value": "2542",
                "value-units": "megawatthours"
            },
            {
                "period": "2022-06-26T04",
                "subba": "ZONA",
                "subba-name": "West - NYIS",
                "parent": "NYIS",
                "parent-name": "New York Independent System Operator",
                "value": "1852",
                "value-units": "megawatthours"
            },
            {
                "period": "2022-06-26T04",
                "subba": "ZONB",
                "subba-name": "Genesee - NYIS",
                "parent": "NYIS",
                "parent-name": "New York Independent System Operator",
                "value": "1217",
                "value-units": "megawatthours"
            },
            {
                "period": "2022-06-26T04",
                "subba": "ZONC",
                "subba-name": "Central - NYIS",
                "parent": "NYIS",
                "parent-name": "New York Independent System Operator",
                "value": "1809",
                "value-units": "megawatthours"
            },
            {
                "period": "2022-06-26T04",
                "subba": "ZOND",
                "subba-name": "North - NYIS",
                "parent": "NYIS",
                "parent-name": "New York Independent System Operator",
                "value": "637",
                "value-units": "megawatthours"
            },
            {
                "period": "2022-06-26T04",
                "subba": "ZONE",
                "subba-name": "Mohawk Valley - NYIS",
                "parent": "NYIS",
                "parent-name": "New York Independent System Operator",
                "value": "808",
                "value-units": "megawatthours"
            },
            {
                "period": "2022-06-26T04",
                "subba": "ZONF",
                "subba-name": "Capital - NYIS",
                "parent": "NYIS",
                "parent-name": "New York Independent System Operator",
                "value": "1499",
                "value-units": "megawatthours"
            },
            {
                "period": "2022-06-26T04",
                "subba": "ZONG",
                "subba-name": "Hudson Valley - NYIS",
                "parent": "NYIS",
                "parent-name": "New York Independent System Operator",
                "value": "1194",
                "value-units": "megawatthours"
            },
            {
                "period": "2022-06-26T04",
                "subba": "ZONH",
                "subba-name": "Millwood - NYIS",
                "parent": "NYIS",
                "parent-name": "New York Independent System Operator",
                "value": "363",
                "value-units": "megawatthours"
            },
            {
                "period": "2022-06-26T04",
                "subba": "ZONI",
                "subba-name": "Dunwoodie - NYIS",
                "parent": "NYIS",
                "parent-name": "New York Independent System Operator",
                "value": "767",
                "value-units": "megawatthours"
            },
            {
                "period": "2022-06-26T04",
                "subba": "ZONJ",
                "subba-name": "New York City - NYIS",
                "parent": "NYIS",
                "parent-name": "New York Independent System Operator",
                "value": "6331",
                "value-units": "megawatthours"
            },
            {
                "period": "2022-06-26T04",
                "subba": "ZONK",
                "subba-name": "Long Island - NYIS",
                "parent": "NYIS",
                "parent-name": "New York Independent System Operator",
                "value": "2794",
                "value-units": "megawatthours"
            },
            {
                "period": "2022-06-26T03",
                "subba": "ZONA",
                "subba-name": "West - NYIS",
                "parent": "NYIS",
                "parent-name": "New York Independent System Operator",
                "value": "1988",
                "value-units": "megawatthours"
            },
            {
                "period": "2022-06-26T03",
                "subba": "ZONB",
                "subba-name": "Genesee - NYIS",
                "parent": "NYIS",
                "parent-name": "New York Independent System Operator",
                "value": "1311",
                "value-units": "megawatthours"
            },
            {
                "period": "2022-06-26T03",
                "subba": "ZONC",
                "subba-name": "Central - NYIS",
                "parent": "NYIS",
                "parent-name": "New York Independent System Operator",
                "value": "1949",
                "value-units": "megawatthours"
            },
            {
                "period": "2022-06-26T03",
                "subba": "ZOND",
                "subba-name": "North - NYIS",
                "parent": "NYIS",
                "parent-name": "New York Independent System Operator",
                "value": "659",
                "value-units": "megawatthours"
            },
            {
                "period": "2022-06-26T03",
                "subba": "ZONE",
                "subba-name": "Mohawk Valley - NYIS",
                "parent": "NYIS",
                "parent-name": "New York Independent System Operator",
                "value": "878",
                "value-units": "megawatthours"
            },
            {
                "period": "2022-06-26T03",
                "subba": "ZONF",
                "subba-name": "Capital - NYIS",
                "parent": "NYIS",
                "parent-name": "New York Independent System Operator",
                "value": "1631",
                "value-units": "megawatthours"
            },
            {
                "period": "2022-06-26T03",
                "subba": "ZONG",
                "subba-name": "Hudson Valley - NYIS",
                "parent": "NYIS",
                "parent-name": "New York Independent System Operator",
                "value": "1315",
                "value-units": "megawatthours"
            },
            {
                "period": "2022-06-26T03",
                "subba": "ZONH",
                "subba-name": "Millwood - NYIS",
                "parent": "NYIS",
                "parent-name": "New York Independent System Operator",
                "value": "403",
                "value-units": "megawatthours"
            },
            {
                "period": "2022-06-26T03",
                "subba": "ZONI",
                "subba-name": "Dunwoodie - NYIS",
                "parent": "NYIS",
                "parent-name": "New York Independent System Operator",
                "value": "824",
                "value-units": "megawatthours"
            },
            {
                "period": "2022-06-26T03",
                "subba": "ZONJ",
                "subba-name": "New York City - NYIS",
                "parent": "NYIS",
                "parent-name": "New York Independent System Operator",
                "value": "6620",
                "value-units": "megawatthours"
            },
            {
                "period": "2022-06-26T03",
                "subba": "ZONK",
                "subba-name": "Long Island - NYIS",
                "parent": "NYIS",
                "parent-name": "New York Independent System Operator",
                "value": "3067",
                "value-units": "megawatthours"
            },
            {
                "period": "2022-06-26T02",
                "subba": "ZONA",
                "subba-name": "West - NYIS",
                "parent": "NYIS",
                "parent-name": "New York Independent System Operator",
                "value": "2086",
                "value-units": "megawatthours"
            },
            {
                "period": "2022-06-26T02",
                "subba": "ZONB",
                "subba-name": "Genesee - NYIS",
                "parent": "NYIS",
                "parent-name": "New York Independent System Operator",
                "value": "1387",
                "value-units": "megawatthours"
            },
            {
                "period": "2022-06-26T02",
                "subba": "ZONC",
                "subba-name": "Central - NYIS",
                "parent": "NYIS",
                "parent-name": "New York Independent System Operator",
                "value": "2087",
                "value-units": "megawatthours"
            },
            {
                "period": "2022-06-26T02",
                "subba": "ZOND",
                "subba-name": "North - NYIS",
                "parent": "NYIS",
                "parent-name": "New York Independent System Operator",
                "value": "669",
                "value-units": "megawatthours"
            },
            {
                "period": "2022-06-26T02",
                "subba": "ZONE",
                "subba-name": "Mohawk Valley - NYIS",
                "parent": "NYIS",
                "parent-name": "New York Independent System Operator",
                "value": "953",
                "value-units": "megawatthours"
            },
            {
                "period": "2022-06-26T02",
                "subba": "ZONF",
                "subba-name": "Capital - NYIS",
                "parent": "NYIS",
                "parent-name": "New York Independent System Operator",
                "value": "1752",
                "value-units": "megawatthours"
            },
            {
                "period": "2022-06-26T02",
                "subba": "ZONG",
                "subba-name": "Hudson Valley - NYIS",
                "parent": "NYIS",
                "parent-name": "New York Independent System Operator",
                "value": "1433",
                "value-units": "megawatthours"
            },
            {
                "period": "2022-06-26T02",
                "subba": "ZONH",
                "subba-name": "Millwood - NYIS",
                "parent": "NYIS",
                "parent-name": "New York Independent System Operator",
                "value": "433",
                "value-units": "megawatthours"
            },
            {
                "period": "2022-06-26T02",
                "subba": "ZONI",
                "subba-name": "Dunwoodie - NYIS",
                "parent": "NYIS",
                "parent-name": "New York Independent System Operator",
                "value": "870",
                "value-units": "megawatthours"
            },
            {
                "period": "2022-06-26T02",
                "subba": "ZONJ",
                "subba-name": "New York City - NYIS",
                "parent": "NYIS",
                "parent-name": "New York Independent System Operator",
                "value": "6838",
                "value-units": "megawatthours"
            },
            {
                "period": "2022-06-26T02",
                "subba": "ZONK",
                "subba-name": "Long Island - NYIS",
                "parent": "NYIS",
                "parent-name": "New York Independent System Operator",
                "value": "3308",
                "value-units": "megawatthours"
            },
            {
                "period": "2022-06-26T01",
                "subba": "ZONA",
                "subba-name": "West - NYIS",
                "parent": "NYIS",
                "parent-name": "New York Independent System Operator",
                "value": "2138",
                "value-units": "megawatthours"
            },
            {
                "period": "2022-06-26T01",
                "subba": "ZONB",
                "subba-name": "Genesee - NYIS",
                "parent": "NYIS",
                "parent-name": "New York Independent System Operator",
                "value": "1441",
                "value-units": "megawatthours"
            },
            {
                "period": "2022-06-26T01",
                "subba": "ZONC",
                "subba-name": "Central - NYIS",
                "parent": "NYIS",
                "parent-name": "New York Independent System Operator",
                "value": "2161",
                "value-units": "megawatthours"
            },
            {
                "period": "2022-06-26T01",
                "subba": "ZOND",
                "subba-name": "North - NYIS",
                "parent": "NYIS",
                "parent-name": "New York Independent System Operator",
                "value": "671",
                "value-units": "megawatthours"
            },
            {
                "period": "2022-06-26T01",
                "subba": "ZONE",
                "subba-name": "Mohawk Valley - NYIS",
                "parent": "NYIS",
                "parent-name": "New York Independent System Operator",
                "value": "983",
                "value-units": "megawatthours"
            },
            {
                "period": "2022-06-26T01",
                "subba": "ZONF",
                "subba-name": "Capital - NYIS",
                "parent": "NYIS",
                "parent-name": "New York Independent System Operator",
                "value": "1819",
                "value-units": "megawatthours"
            },
            {
                "period": "2022-06-26T01",
                "subba": "ZONG",
                "subba-name": "Hudson Valley - NYIS",
                "parent": "NYIS",
                "parent-name": "New York Independent System Operator",
                "value": "1523",
                "value-units": "megawatthours"
            },
            {
                "period": "2022-06-26T01",
                "subba": "ZONH",
                "subba-name": "Millwood - NYIS",
                "parent": "NYIS",
                "parent-name": "New York Independent System Operator",
                "value": "456",
                "value-units": "megawatthours"
            },
            {
                "period": "2022-06-26T01",
                "subba": "ZONI",
                "subba-name": "Dunwoodie - NYIS",
                "parent": "NYIS",
                "parent-name": "New York Independent System Operator",
                "value": "892",
                "value-units": "megawatthours"
            },
            {
                "period": "2022-06-26T01",
                "subba": "ZONJ",
                "subba-name": "New York City - NYIS",
                "parent": "NYIS",
                "parent-name": "New York Independent System Operator",
                "value": "6916",
                "value-units": "megawatthours"
            },
            {
                "period": "2022-06-26T01",
                "subba": "ZONK",
                "subba-name": "Long Island - NYIS",
                "parent": "NYIS",
                "parent-name": "New York Independent System Operator",
                "value": "3473",
                "value-units": "megawatthours"
            },
            {
                "period": "2022-06-26T00",
                "subba": "ZONA",
                "subba-name": "West - NYIS",
                "parent": "NYIS",
                "parent-name": "New York Independent System Operator",
                "value": "2175",
                "value-units": "megawatthours"
            },
            {
                "period": "2022-06-26T00",
                "subba": "ZONB",
                "subba-name": "Genesee - NYIS",
                "parent": "NYIS",
                "parent-name": "New York Independent System Operator",
                "value": "1501",
                "value-units": "megawatthours"
            },
            {
                "period": "2022-06-26T00",
                "subba": "ZONC",
                "subba-name": "Central - NYIS",
                "parent": "NYIS",
                "parent-name": "New York Independent System Operator",
                "value": "2249",
                "value-units": "megawatthours"
            },
            {
                "period": "2022-06-26T00",
                "subba": "ZOND",
                "subba-name": "North - NYIS",
                "parent": "NYIS",
                "parent-name": "New York Independent System Operator",
                "value": "686",
                "value-units": "megawatthours"
            },
            {
                "period": "2022-06-26T00",
                "subba": "ZONE",
                "subba-name": "Mohawk Valley - NYIS",
                "parent": "NYIS",
                "parent-name": "New York Independent System Operator",
                "value": "996",
                "value-units": "megawatthours"
            },
            {
                "period": "2022-06-26T00",
                "subba": "ZONF",
                "subba-name": "Capital - NYIS",
                "parent": "NYIS",
                "parent-name": "New York Independent System Operator",
                "value": "1882",
                "value-units": "megawatthours"
            },
            {
                "period": "2022-06-26T00",
                "subba": "ZONG",
                "subba-name": "Hudson Valley - NYIS",
                "parent": "NYIS",
                "parent-name": "New York Independent System Operator",
                "value": "1625",
                "value-units": "megawatthours"
            },
            {
                "period": "2022-06-26T00",
                "subba": "ZONH",
                "subba-name": "Millwood - NYIS",
                "parent": "NYIS",
                "parent-name": "New York Independent System Operator",
                "value": "481",
                "value-units": "megawatthours"
            },
            {
                "period": "2022-06-26T00",
                "subba": "ZONI",
                "subba-name": "Dunwoodie - NYIS",
                "parent": "NYIS",
                "parent-name": "New York Independent System Operator",
                "value": "930",
                "value-units": "megawatthours"
            },
            {
                "period": "2022-06-26T00",
                "subba": "ZONJ",
                "subba-name": "New York City - NYIS",
                "parent": "NYIS",
                "parent-name": "New York Independent System Operator",
                "value": "7086",
                "value-units": "megawatthours"
            },
            {
                "period": "2022-06-26T00",
                "subba": "ZONK",
                "subba-name": "Long Island - NYIS",
                "parent": "NYIS",
                "parent-name": "New York Independent System Operator",
                "value": "3709",
                "value-units": "megawatthours"
            }
        ],
        "description": "Hourly demand by balancing authority subregion.  \n    Source: Form EIA-930\n    Product: Hourly Electric Grid Monitor"
    },
    "request": {
        "command": "/v2/electricity/rto/region-sub-ba-data/data/",
        "params": {
            "frequency": "hourly",
            "data": [
                "value"
            ],
            "sort": [
                {
                    "column": "period",
                    "direction": "desc"
                }
            ],
            "facets": {
                "parent": [
                    "NYIS"
                ]
            },
            "offset": "0",
            "length": "5000",
            "start": "2022-06-26",
            "end": "2022-06-27",
            "api_key": "dqRq8VpXSoyUrCbrPhuYFxGl6Rul9kmVcRshZ98c"
        }
    },
    "apiVersion": "2.1.8",
    "ExcelAddInVersion": "2.1.0"
}