{
    "response": {
        "total": "275",
        "dateFormat": "YYYY-MM-DD\"T\"HH24",
        "frequency": "hourly",
        "data": [
            {
                "period": "2022-11-20T00",
                "subba": "ZONA",
                "subba-name": "West - NYIS",
                "parent": "NYIS",
                "parent-name": "New York Independent System Operator",
                "value": "1825",
                "value-units": "megawatthours"
            },
            {
                "period": "2022-11-20T00",
                "subba": "ZONB",
                "subba-name": "Genesee - NYIS",
                "parent": "NYIS",
                "parent-name": "New York Independent System Operator",
                "value": "1227",
                "value-units": "megawatthours"
            },
            {
                "period": "2022-11-20T00",
                "subba": "ZONC",
                "subba-name": "Central - NYIS",
                "parent": "NYIS",
                "parent-name": "New York Independent System Operator",
                "value": "1964",
                "value-units": "megawatthours"
            },
            {
                "period": "2022-11-20T00",
                "subba": "ZOND",
                "subba-name": "North - NYIS",
                "parent": "NYIS",
                "parent-name": "New York Independent System Operator",
                "value": "743",
                "value-units": "megawatthours"
            },
            {
                "period": "2022-11-20T00",
                "subba": "ZONE",
                "subba-name": "Mohawk Valley - NYIS",
                "parent": "NYIS",
                "parent-name": "New York Independent System Operator",
                "value": "1013",
                "value-units": "megawatthours"
            },
            {
                "period": "2022-11-20T00",
                "subba": "ZONF",
                "subba-name": "Capital - NYIS",
                "parent": "NYIS",
                "parent-name": "New York Independent System Operator",
                "value": "1507",
                "value-units": "megawatthours"
            },
            {
                "period": "2022-11-20T00",
                "subba": "ZONG",
                "subba-name": "Hudson Valley - NYIS",
                "parent": "NYIS",
                "parent-name": "New York Independent System Operator",
                "value": "1218",
                "value-units": "megawatthours"
            },
            {
                "period": "2022-11-20T00",
                "subba": "ZONH",
                "subba-name": "Millwood - NYIS",
                "parent": "NYIS",
                "parent-name": "New York Independent System Operator",
                "value": "399",
                "value-units": "megawatthours"
            },
            {
                "period": "2022-11-20T00",
                "subba": "ZONI",
                "subba-name": "Dunwoodie - NYIS",
                "parent": "NYIS",
                "parent-name": "New York Independent System Operator",
                "value": "693",
                "value-units": "megawatthours"
            },
            {
                "period": "2022-11-20T00",
                "subba": "ZONJ",
                "subba-name": "New York City - NYIS",
                "parent": "NYIS",
                "parent-name": "New York Independent System Operator",
                "value": "5576",
                "value-units": "megawatthours"
            },
            {
                "period": "2022-11-20T00",
                "subba": "ZONK",
                "subba-name": "Long Island - NYIS",
                "parent": "NYIS",
                "parent-name": "New York Independent System Operator",
                "value": "2437",
                "value-units": "megawatthours"
            },
            {
                "period": "2022-11-19T23",
                "subba": "ZONA",
                "subba-name": "West - NYIS",
                "parent": "NYIS",
                "parent-name": "New York Independent System Operator",
                "value": "1827",
                "value-units": "megawatthours"
            },
            {
                "period": "2022-11-19T23",
                "subba": "ZONB",
                "subba-name": "Genesee - NYIS",
                "parent": "NYIS",
                "parent-name": "New York Independent System Operator",
                "value": "1244",
                "value-units": "megawatthours"
            },
            {
                "period": "2022-11-19T23",
                "subba": "ZONC",
                "subba-name": "Central - NYIS",
                "parent": "NYIS",
                "parent-name": "New York Independent System Operator",
                "value": "1988",
                "value-units": "megawatthours"
            },
            {
                "period": "2022-11-19T23",
                "subba": "ZOND",
                "subba-name": "North - NYIS",
                "parent": "NYIS",
                "parent-name": "New York Independent System Operator",
                "value": "737",
                "value-units": "megawatthours"
            },
            {
                "period": "2022-11-19T23",
                "subba": "ZONE",
                "subba-name": "Mohawk Valley - NYIS",
                "parent": "NYIS",
                "parent-name": "New York Independent System Operator",
                "value": "1028",
                "value-units": "megawatthours"
            },
            {
                "period": "2022-11-19T23",
                "subba": "ZONF",
                "subba-name": "Capital - NYIS",
                "parent": "NYIS",
                "parent-name": "New York Independent System Operator",
                "value": "1524",
                "value-units": "megawatthours"
            },
            {
                "period": "2022-11-19T23",
                "subba": "ZONG",
                "subba-name": "Hudson Valley - NYIS",
                "parent": "NYIS",
                "parent-name": "New York Independent System Operator",
                "value": "1225",
                "value-units": "megawatthours"
            },
            {
                "period": "2022-11-19T23",
                "subba": "ZONH",
                "subba-name": "Millwood - NYIS",
                "parent": "NYIS",
                "parent-name": "New York Independent System Operator",
                "value": "398",
                "value-units": "megawatthours"
            },
            {
                "period": "2022-11-19T23",
                "subba": "ZONI",
                "subba-name": "Dunwoodie - NYIS",
                "parent": "NYIS",
                "parent-name": "New York Independent System Operator",
                "value": "693",
                "value-units": "megawatthours"
            },
            {
                "period": "2022-11-19T23",
                "subba": "ZONJ",
                "subba-name": "New York City - NYIS",
                "parent": "NYIS",
                "parent-name": "New York Independent System Operator",
                "value": "5587",
                "value-units": "megawatthours"
            },
            {
                "period": "2022-11-19T23",
                "subba": "ZONK",
                "subba-name": "Long Island - NYIS",
                "parent": "NYIS",
                "parent-name": "New York Independent System Operator",
                "value": "2445",
                "value-units": "megawatthours"
            },
            {
                "period": "2022-11-19T22",
                "subba": "ZONA",
                "subba-name": "West - NYIS",
                "parent": "NYIS",
                "parent-name": "New York Independent System Operator",
                "value": "1726",
                "value-units": "megawatthours"
            },
            {
                "period": "2022-11-19T22",
                "subba": "ZONB",
                "subba-name": "Genesee - NYIS",
                "parent": "NYIS",
                "parent-name": "New York Independent System Operator",
                "value": "1201",
                "value-units": "megawatthours"
            },
            {
                "period": "2022-11-19T22",
                "subba": "ZONC",
                "subba-name": "Central - NYIS",
                "parent": "NYIS",
                "parent-name": "New York Independent System Operator",
                "value": "1903",
                "value-units": "megawatthours"
            },
            {
                "period": "2022-11-19T22",
                "subba": "ZOND",
                "subba-name": "North - NYIS",
                "parent": "NYIS",
                "parent-name": "New York Independent System Operator",
                "value": "723",
                "value-units": "megawatthours"
            },
            {
                "period": "2022-11-19T22",
                "subba": "ZONE",
                "subba-name": "Mohawk Valley - NYIS",
                "parent": "NYIS",
                "parent-name": "New York Independent System Operator",
                "value": "978",
                "value-units": "megawatthours"
            },
            {
                "period": "2022-11-19T22",
                "subba": "ZONF",
                "subba-name": "Capital - NYIS",
                "parent": "NYIS",
                "parent-name": "New York Independent System Operator",
                "value": "1473",
                "value-units": "megawatthours"
            },
            {
                "period": "2022-11-19T22",
                "subba": "ZONG",
                "subba-name": "Hudson Valley - NYIS",
                "parent": "NYIS",
                "parent-name": "New York Independent System Operator",
                "value": "1151",
                "value-units": "megawatthours"
            },
            {
                "period": "2022-11-19T22",
                "subba": "ZONH",
                "subba-name": "Millwood - NYIS",
                "parent": "NYIS",
                "parent-name": "New York Independent System Operator",
                "value": "367",
                "value-units": "megawatthours"
            },
            {
                "period": "2022-11-19T22",
                "subba": "ZONI",
                "subba-name": "Dunwoodie - NYIS",
                "parent": "NYIS",
                "parent-name": "New York Independent System Operator",
                "value": "652",
                "value-units": "megawatthours"
            },
            {
                "period": "2022-11-19T22",
                "subba": "ZONJ",
                "subba-name": "New York City - NYIS",
                "parent": "NYIS",
                "parent-name": "New York Independent System Operator",
                "value": "5428",
                "value-units": "megawatthours"
            },
            {
                "period": "2022-11-19T22",
                "subba": "ZONK",
                "subba-name": "Long Island - NYIS",
                "parent": "NYIS",
                "parent-name": "New York Independent System Operator",
                "value": "2293",
                "value-units": "megawatthours"
            },
            {
                "period": "2022-11-19T21",
                "subba": "ZONA",
                "subba-name": "West - NYIS",
                "parent": "NYIS",
                "parent-name": "New York Independent System Operator",
                "value": "1688",
                "value-units": "megawatthours"
            },
            {
                "period": "2022-11-19T21",
                "subba": "ZONB",
                "subba-name": "Genesee - NYIS",
                "parent": "NYIS",
                "parent-name": "New York Independent System Operator",
                "value": "1128",
                "value-units": "megawatthours"
            },
            {
                "period": "2022-11-19T21",
                "subba": "ZONC",
                "subba-name": "Central - NYIS",
                "parent": "NYIS",
                "parent-name": "New York Independent System Operator",
                "value": "1795",
                "value-units": "megawatthours"
            },
            {
                "period": "2022-11-19T21",
                "subba": "ZOND",
                "subba-name": "North - NYIS",
                "parent": "NYIS",
                "parent-name": "New York Independent System Operator",
                "value": "714",
                "value-units": "megawatthours"
            },
            {
                "period": "2022-11-19T21",
                "subba": "ZONE",
                "subba-name": "Mohawk Valley - NYIS",
                "parent": "NYIS",
                "parent-name": "New York Independent System Operator",
                "value": "911",
                "value-units": "megawatthours"
            },
            {
                "period": "2022-11-19T21",
                "subba": "ZONF",
                "subba-name": "Capital - NYIS",
                "parent": "NYIS",
                "parent-name": "New York Independent System Operator",
                "value": "1392",
                "value-units": "megawatthours"
            },
            {
                "period": "2022-11-19T21",
                "subba": "ZONG",
                "subba-name": "Hudson Valley - NYIS",
                "parent": "NYIS",
                "parent-name": "New York Independent System Operator",
                "value": "1034",
                "value-units": "megawatthours"
            },
            {
                "period": "2022-11-19T21",
                "subba": "ZONH",
                "subba-name": "Millwood - NYIS",
                "parent": "NYIS",
                "parent-name": "New York Independent System Operator",
                "value": "342",
                "value-units": "megawatthours"
            },
            {
                "period": "2022-11-19T21",
                "subba": "ZONI",
                "subba-name": "Dunwoodie - NYIS",
                "parent": "NYIS",
                "parent-name": "New York Independent System Operator",
                "value": "617",
                "value-units": "megawatthours"
            },
            {
                "period": "2022-11-19T21",
                "subba": "ZONJ",
                "subba-name": "New York City - NYIS",
                "parent": "NYIS",
                "parent-name": "New York Independent System Operator",
                "value": "5309",
                "value-units": "megawatthours"
            },
            {
                "period": "2022-11-19T21",
                "subba": "ZONK",
                "subba-name": "Long Island - NYIS",
                "parent": "NYIS",
                "parent-name": "New York Independent System Operator",
                "value": "2095",
                "value-units": "megawatthours"
            },
            {
                "period": "2022-11-19T20",
                "subba": "ZONA",
                "subba-name": "West - NYIS",
                "parent": "NYIS",
                "parent-name": "New York Independent System Operator",
                "value": "1684",
                "value-units": "megawatthours"
            },
            {
                "period": "2022-11-19T20",
                "subba": "ZONB",
                "subba-name": "Genesee - NYIS",
                "parent": "NYIS",
                "parent-name": "New York Independent System Operator",
                "value": "1083",
                "value-units": "megawatthours"
            },
            {
                "period": "2022-11-19T20",
                "subba": "ZONC",
                "subba-name": "Central - NYIS",
                "parent": "NYIS",
                "parent-name": "New York Independent System Operator",
                "value": "1669",
                "value-units": "megawatthours"
            },
            {
                "period": "2022-11-19T20",
                "subba": "ZOND",
                "subba-name": "North - NYIS",
                "parent": "NYIS",
                "parent-name": "New York Independent System Operator",
                "value": "709",
                "value-units": "megawatthours"
            },
            {
                "period": "2022-11-19T20",
                "subba": "ZONE",
                "subba-name": "Mohawk Valley - NYIS",
                "parent": "NYIS",
                "parent-name": "New York Independent System Operator",
                "value": "878",
                "value-units": "megawatthours"
            },
            {
                "period": "2022-11-19T20",
                "subba": "ZONF",
                "subba-name": "Capital - NYIS",
                "parent": "NYIS",
                "parent-name": "New York Independent System Operator",
                "value": "1332",
                "value-units": "megawatthours"
            },
            {
                "period": "2022-11-19T20",
                "subba": "ZONG",
                "subba-name": "Hudson Valley - NYIS",
                "parent": "NYIS",
                "parent-name": "New York Independent System Operator",
                "value": "929",
                "value-units": "megawatthours"
            },
            {
                "period": "2022-11-19T20",
                "subba": "ZONH",
                "subba-name": "Millwood - NYIS",
                "parent": "NYIS",
                "parent-name": "New York Independent System Operator",
                "value": "325",
                "value-units": "megawatthours"
            },
            {
                "period": "2022-11-19T20",
                "subba": "ZONI",
                "subba-name": "Dunwoodie - NYIS",
                "parent": "NYIS",
                "parent-name": "New York Independent System Operator",
                "value": "600",
                "value-units": "megawatthours"
            },
            {
                "period": "2022-11-19T20",
                "subba": "ZONJ",
                "subba-name": "New York City - NYIS",
                "parent": "NYIS",
                "parent-name": "New York Independent System Operator",
                "value": "5257",
                "value-units": "megawatthours"
            },
            {
                "period": "2022-11-19T20",
                "subba": "ZONK",
                "subba-name": "Long Island - NYIS",
                "parent": "NYIS",
                "parent-name": "New York Independent System Operator",
                "value": "1941",
                "value-units": "megawatthours"
            },
            {
                "period": "2022-11-19T19",
                "subba": "ZONA",
                "subba-name": "West - NYIS",
                "parent": "NYIS",
                "parent-name": "New York Independent System Operator",
                "value": "1706",
                "value-units": "megawatthours"
            },
            {
                "period": "2022-11-19T19",
                "subba": "ZONB",
                "subba-name": "Genesee - NYIS",
                "parent": "NYIS",
                "parent-name": "New York Independent System Operator",
                "value": "1029",
                "value-units": "megawatthours"
            },
            {
                "period": "2022-11-19T19",
                "subba": "ZONC",
                "subba-name": "Central - NYIS",
                "parent": "NYIS",
                "parent-name": "New York Independent System Operator",
                "value": "1596",
                "value-units": "megawatthours"
            },
            {
                "period": "2022-11-19T19",
                "subba": "ZOND",
                "subba-name": "North - NYIS",
                "parent": "NYIS",
                "parent-name": "New York Independent System Operator",
                "value": "701",
                "value-units": "megawatthours"
            },
            {
                "period": "2022-11-19T19",
                "subba": "ZONE",
                "subba-name": "Mohawk Valley - NYIS",
                "parent": "NYIS",
                "parent-name": "New York Independent System Operator",
                "value": "881",
                "value-units": "megawatthours"
            },
            {
                "period": "2022-11-19T19",
                "subba": "ZONF",
                "subba-name": "Capital - NYIS",
                "parent": "NYIS",
                "parent-name": "New York Independent System Operator",
                "value": "1279",
                "value-units": "megawatthours"
            },
            {
                "period": "2022-11-19T19",
                "subba": "ZONG",
                "subba-name": "Hudson Valley - NYIS",
                "parent": "NYIS",
                "parent-name": "New York Independent System Operator",
                "value": "852",
                "value-units": "megawatthours"
            },
            {
                "period": "2022-11-19T19",
                "subba": "ZONH",
                "subba-name": "Millwood - NYIS",
                "parent": "NYIS",
                "parent-name": "New York Independent System Operator",
                "value": "320",
                "value-units": "megawatthours"
            },
            {
                "period": "2022-11-19T19",
                "subba": "ZONI",
                "subba-name": "Dunwoodie - NYIS",
                "parent": "NYIS",
                "parent-name": "New York Independent System Operator",
                "value": "595",
                "value-units": "megawatthours"
            },
            {
                "period": "2022-11-19T19",
                "subba": "ZONJ",
                "subba-name": "New York City - NYIS",
                "parent": "NYIS",
                "parent-name": "New York Independent System Operator",
                "value": "5236",
                "value-units": "megawatthours"
            },
            {
                "period": "2022-11-19T19",
                "subba": "ZONK",
                "subba-name": "Long Island - NYIS",
                "parent": "NYIS",
                "parent-name": "New York Independent System Operator",
                "value": "1844",
                "value-units": "megawatthours"
            },
            {
                "period": "2022-11-19T18",
                "subba": "ZONA",
                "subba-name": "West - NYIS",
                "parent": "NYIS",
                "parent-name": "New York Independent System Operator",
                "value": "1687",
                "value-units": "megawatthours"
            },
            {
                "period": "2022-11-19T18",
                "subba": "ZONB",
                "subba-name": "Genesee - NYIS",
                "parent": "NYIS",
                "parent-name": "New York Independent System Operator",
                "value": "984",
                "value-units": "megawatthours"
            },
            {
                "period": "2022-11-19T18",
                "subba": "ZONC",
                "subba-name": "Central - NYIS",
                "parent": "NYIS",
                "parent-name": "New York Independent System Operator",
                "value": "1626",
                "value-units": "megawatthours"
            },
            {
                "period": "2022-11-19T18",
                "subba": "ZOND",
                "subba-name": "North - NYIS",
                "parent": "NYIS",
                "parent-name": "New York Independent System Operator",
                "value": "701",
                "value-units": "megawatthours"
            },
            {
                "period": "2022-11-19T18",
                "subba": "ZONE",
                "subba-name": "Mohawk Valley - NYIS",
                "parent": "NYIS",
                "parent-name": "New York Independent System Operator",
                "value": "868",
                "value-units": "megawatthours"
            },
            {
                "period": "2022-11-19T18",
                "subba": "ZONF",
                "subba-name": "Capital - NYIS",
                "parent": "NYIS",
                "parent-name": "New York Independent System Operator",
                "value": "1267",
                "value-units": "megawatthours"
            },
            {
                "period": "2022-11-19T18",
                "subba": "ZONG",
                "subba-name": "Hudson Valley - NYIS",
                "parent": "NYIS",
                "parent-name": "New York Independent System Operator",
                "value": "824",
                "value-units": "megawatthours"
            },
            {
                "period": "2022-11-19T18",
                "subba": "ZONH",
                "subba-name": "Millwood - NYIS",
                "parent": "NYIS",
                "parent-name": "New York Independent System Operator",
                "value": "320",
                "value-units": "megawatthours"
            },
            {
                "period": "2022-11-19T18",
                "subba": "ZONI",
                "subba-name": "Dunwoodie - NYIS",
                "parent": "NYIS",
                "parent-name": "New York Independent System Operator",
                "value": "595",
                "value-units": "megawatthours"
            },
            {
                "period": "2022-11-19T18",
                "subba": "ZONJ",
                "subba-name": "New York City - NYIS",
                "parent": "NYIS",
                "parent-name": "New York Independent System Operator",
                "value": "5249",
                "value-units": "megawatthours"
            },
            {
                "period": "2022-11-19T18",
                "subba": "ZONK",
                "subba-name": "Long Island - NYIS",
                "parent": "NYIS",
                "parent-name": "New York Independent System Operator",
                "value": "1809",
                "value-units": "megawatthours"
            },
            {
                "period": "2022-11-19T17",
                "subba": "ZONA",
                "subba-name": "West - NYIS",
                "parent": "NYIS",
                "parent-name": "New York Independent System Operator",
                "value": "1663",
                "value-units": "megawatthours"
            },
            {
                "period": "2022-11-19T17",
                "subba": "ZONB",
                "subba-name": "Genesee - NYIS",
                "parent": "NYIS",
                "parent-name": "New York Independent System Operator",
                "value": "988",
                "value-units": "megawatthours"
            },
            {
                "period": "2022-11-19T17",
                "subba": "ZONC",
                "subba-name": "Central - NYIS",
                "parent": "NYIS",
                "parent-name": "New York Independent System Operator",
                "value": "1606",
                "value-units": "megawatthours"
            },
            {
                "period": "2022-11-19T17",
                "subba": "ZOND",
                "subba-name": "North - NYIS",
                "parent": "NYIS",
                "parent-name": "New York Independent System Operator",
                "value": "704",
                "value-units": "megawatthours"
            },
            {
                "period": "2022-11-19T17",
                "subba": "ZONE",
                "subba-name": "Mohawk Valley - NYIS",
                "parent": "NYIS",
                "parent-name": "New York Independent System Operator",
                "value": "860",
                "value-units": "megawatthours"
            },
            {
                "period": "2022-11-19T17",
                "subba": "ZONF",
                "subba-name": "Capital - NYIS",
                "parent": "NYIS",
                "parent-name": "New York Independent System Operator",
                "value": "1233",
                "value-units": "megawatthours"
            },
            {
                "period": "2022-11-19T17",
                "subba": "ZONG",
                "subba-name": "Hudson Valley - NYIS",
                "parent": "NYIS",
                "parent-name": "New York Independent System Operator",
                "value": "828",
                "value-units": "megawatthours"
            },
            {
                "period": "2022-11-19T17",
                "subba": "ZONH",
                "subba-name": "Millwood - NYIS",
                "parent": "NYIS",
                "parent-name": "New York Independent System Operator",
                "value": "328",
                "value-units": "megawatthours"
            },
            {
                "period": "2022-11-19T17",
                "subba": "ZONI",
                "subba-name": "Dunwoodie - NYIS",
                "parent": "NYIS",
                "parent-name": "New York Independent System Operator",
                "value": "600",
                "value-units": "megawatthours"
            },
            {
                "period": "2022-11-19T17",
                "subba": "ZONJ",
                "subba-name": "New York City - NYIS",
                "parent": "NYIS",
                "parent-name": "New York Independent System Operator",
                "value": "5239",
                "value-units": "megawatthours"
            },
            {
                "period": "2022-11-19T17",
                "subba": "ZONK",
                "subba-name": "Long Island - NYIS",
                "parent": "NYIS",
                "parent-name": "New York Independent System Operator",
                "value": "1816",
                "value-units": "megawatthours"
            },
            {
                "period": "2022-11-19T16",
                "subba": "ZONA",
                "subba-name": "West - NYIS",
                "parent": "NYIS",
                "parent-name": "New York Independent System Operator",
                "value": "1645",
                "value-units": "megawatthours"
            },
            {
                "period": "2022-11-19T16",
                "subba": "ZONB",
                "subba-name": "Genesee - NYIS",
                "parent": "NYIS",
                "parent-name": "New York Independent System Operator",
                "value": "996",
                "value-units": "megawatthours"
            },
            {
                "period": "2022-11-19T16",
                "subba": "ZONC",
                "subba-name": "Central - NYIS",
                "parent": "NYIS",
                "parent-name": "New York Independent System Operator",
                "value": "1631",
                "value-units": "megawatthours"
            },
            {
                "period": "2022-11-19T16",
                "subba": "ZOND",
                "subba-name": "North - NYIS",
                "parent": "NYIS",
                "parent-name": "New York Independent System Operator",
                "value": "700",
                "value-units": "megawatthours"
            },
            {
                "period": "2022-11-19T16",
                "subba": "ZONE",
                "subba-name": "Mohawk Valley - NYIS",
                "parent": "NYIS",
                "parent-name": "New York Independent System Operator",
                "value": "867",
                "value-units": "megawatthours"
            },
            {
                "period": "2022-11-19T16",
                "subba": "ZONF",
                "subba-name": "Capital - NYIS",
                "parent": "NYIS",
                "parent-name": "New York Independent System Operator",
                "value": "1228",
                "value-units": "megawatthours"
            },
            {
                "period": "2022-11-19T16",
                "subba": "ZONG",
                "subba-name": "Hudson Valley - NYIS",
                "parent": "NYIS",
                "parent-name": "New York Independent System Operator",
                "value": "843",
                "value-units": "megawatthours"
            },
            {
                "period": "2022-11-19T16",
                "subba": "ZONH",
                "subba-name": "Millwood - NYIS",
                "parent": "NYIS",
                "parent-name": "New York Independent System Operator",
                "value": "344",
                "value-units": "megawatthours"
            },
            {
                "period": "2022-11-19T16",
                "subba": "ZONI",
                "subba-name": "Dunwoodie - NYIS",
                "parent": "NYIS",
                "parent-name": "New York Independent System Operator",
                "value": "598",
                "value-units": "megawatthours"
            },
            {
                "period": "2022-11-19T16",
                "subba": "ZONJ",
                "subba-name": "New York City - NYIS",
                "parent": "NYIS",
                "parent-name": "New York Independent System Operator",
                "value": "5197",
                "value-units": "megawatthours"
            },
            {
                "period": "2022-11-19T16",
                "subba": "ZONK",
                "subba-name": "Long Island - NYIS",
                "parent": "NYIS",
                "parent-name": "New York Independent System Operator",
                "value": "1838",
                "value-units": "megawatthours"
            },
            {
                "period": "2022-11-19T15",
                "subba": "ZONA",
                "subba-name": "West - NYIS",
                "parent": "NYIS",
                "parent-name": "New York Independent System Operator",
                "value": "1613",
                "value-units": "megawatthours"
            },
            {
                "period": "2022-11-19T15",
                "subba": "ZONB",
                "subba-name": "Genesee - NYIS",
                "parent": "NYIS",
                "parent-name": "New York Independent System Operator",
                "value": "1014",
                "value-units": "megawatthours"
            },
            {
                "period": "2022-11-19T15",
                "subba": "ZONC",
                "subba-name": "Central - NYIS",
                "parent": "NYIS",
                "parent-name": "New York Independent System Operator",
                "value": "1657",
                "value-units": "megawatthours"
            },
            {
                "period": "2022-11-19T15",
                "subba": "ZOND",
                "subba-name": "North - NYIS",
                "parent": "NYIS",
                "parent-name": "New York Independent System Operator",
                "value": "706",
                "value-units": "megawatthours"
            },
            {
                "period": "2022-11-19T15",
                "subba": "ZONE",
                "subba-name": "Mohawk Valley - NYIS",
                "parent": "NYIS",
                "parent-name": "New York Independent System Operator",
                "value": "866",
                "value-units": "megawatthours"
            },
            {
                "period": "2022-11-19T15",
                "subba": "ZONF",
                "subba-name": "Capital - NYIS",
                "parent": "NYIS",
                "parent-name": "New York Independent System Operator",
                "value": "1282",
                "value-units": "megawatthours"
            },
            {
                "period": "2022-11-19T15",
                "subba": "ZONG",
                "subba-name": "Hudson Valley - NYIS",
                "parent": "NYIS",
                "parent-name": "New York Independent System Operator",
                "value": "902",
                "value-units": "megawatthours"
            },
            {
                "period": "2022-11-19T15",
                "subba": "ZONH",
                "subba-name": "Millwood - NYIS",
                "parent": "NYIS",
                "parent-name": "New York Independent System Operator",
                "value": "345",
                "value-units": "megawatthours"
            },
            {
                "period": "2022-11-19T15",
                "subba": "ZONI",
                "subba-name": "Dunwoodie - NYIS",
                "parent": "NYIS",
                "parent-name": "New York Independent System Operator",
                "value": "602",
                "value-units": "megawatthours"
            },
            {
                "period": "2022-11-19T15",
                "subba": "ZONJ",
                "subba-name": "New York City - NYIS",
                "parent": "NYIS",
                "parent-name": "New York Independent System Operator",
                "value": "5089",
                "value-units": "megawatthours"
            },
            {
                "period": "2022-11-19T15",
                "subba": "ZONK",
                "subba-name": "Long Island - NYIS",
                "parent": "NYIS",
                "parent-name": "New York Independent System Operator",
                "value": "1888",
                "value-units": "megawatthours"
            },
            {
                "period": "2022-11-19T14",
                "subba": "ZONA",
                "subba-name": "West - NYIS",
                "parent": "NYIS",
                "parent-name": "New York Independent System Operator",
                "value": "1574",
                "value-units": "megawatthours"
            },
            {
                "period": "2022-11-19T14",
                "subba": "ZONB",
                "subba-name": "Genesee - NYIS",
                "parent": "NYIS",
                "parent-name": "New York Independent System Operator",
                "value": "1083",
                "value-units": "megawatthours"
            },
            {
                "period": "2022-11-19T14",
                "subba": "ZONC",
                "subba-name": "Central - NYIS",
                "parent": "NYIS",
                "parent-name": "New York Independent System Operator",
                "value": "1725",
                "value-units": "megawatthours"
            },
            {
                "period": "2022-11-19T14",
                "subba": "ZOND",
                "subba-name": "North - NYIS",
                "parent": "NYIS",
                "parent-name": "New York Independent System Operator",
                "value": "732",
                "value-units": "megawatthours"
            },
            {
                "period": "2022-11-19T14",
                "subba": "ZONE",
                "subba-name": "Mohawk Valley - NYIS",
                "parent": "NYIS",
                "parent-name": "New York Independent System Operator",
                "value": "890",
                "value-units": "megawatthours"
            },
            {
                "period": "2022-11-19T14",
                "subba": "ZONF",
                "subba-name": "Capital - NYIS",
                "parent": "NYIS",
                "parent-name": "New York Independent System Operator",
                "value": "1345",
                "value-units": "megawatthours"
            },
            {
                "period": "2022-11-19T14",
                "subba": "ZONG",
                "subba-name": "Hudson Valley - NYIS",
                "parent": "NYIS",
                "parent-name": "New York Independent System Operator",
                "value": "996",
                "value-units": "megawatthours"
            },
            {
                "period": "2022-11-19T14",
                "subba": "ZONH",
                "subba-name": "Millwood - NYIS",
                "parent": "NYIS",
                "parent-name": "New York Independent System Operator",
                "value": "345",
                "value-units": "megawatthours"
            },
            {
                "period": "2022-11-19T14",
                "subba": "ZONI",
                "subba-name": "Dunwoodie - NYIS",
                "parent": "NYIS",
                "parent-name": "New York Independent System Operator",
                "value": "591",
                "value-units": "megawatthours"
            },
            {
                "period": "2022-11-19T14",
                "subba": "ZONJ",
                "subba-name": "New York City - NYIS",
                "parent": "NYIS",
                "parent-name": "New York Independent System Operator",
                "value": "4934",
                "value-units": "megawatthours"
            },
            {
                "period": "2022-11-19T14",
                "subba": "ZONK",
                "subba-name": "Long Island - NYIS",
                "parent": "NYIS",
                "parent-name": "New York Independent System Operator",
                "value": "1945",
                "value-units": "megawatthours"
            },
            {
                "period": "2022-11-19T13",
                "subba": "ZONA",
                "subba-name": "West - NYIS",
                "parent": "NYIS",
                "parent-name": "New York Independent System Operator",
                "value": "1561",
                "value-units": "megawatthours"
            },
            {
                "period": "2022-11-19T13",
                "subba": "ZONB",
                "subba-name": "Genesee - NYIS",
                "parent": "NYIS",
                "parent-name": "New York Independent System Operator",
                "value": "1073",
                "value-units": "megawatthours"
            },
            {
                "period": "2022-11-19T13",
                "subba": "ZONC",
                "subba-name": "Central - NYIS",
                "parent": "NYIS",
                "parent-name": "New York Independent System Operator",
                "value": "1779",
                "value-units": "megawatthours"
            },
            {
                "period": "2022-11-19T13",
                "subba": "ZOND",
                "subba-name": "North - NYIS",
                "parent": "NYIS",
                "parent-name": "New York Independent System Operator",
                "value": "694",
                "value-units": "megawatthours"
            },
            {
                "period": "2022-11-19T13",
                "subba": "ZONE",
                "subba-name": "Mohawk Valley - NYIS",
                "parent": "NYIS",
                "parent-name": "New York Independent System Operator",
                "value": "886",
                "value-units": "megawatthours"
            },
            {
                "period": "2022-11-19T13",
                "subba": "ZONF",
                "subba-name": "Capital - NYIS",
                "parent": "NYIS",
                "parent-name": "New York Independent System Operator",
                "value": "1364",
                "value-units": "megawatthours"
            },
            {
                "period": "2022-11-19T13",
                "subba": "ZONG",
                "subba-name": "Hudson Valley - NYIS",
                "parent": "NYIS",
                "parent-name": "New York Independent System Operator",
                "value": "1042",
                "value-units": "megawatthours"
            },
            {
                "period": "2022-11-19T13",
                "subba": "ZONH",
                "subba-name": "Millwood - NYIS",
                "parent": "NYIS",
                "parent-name": "New York Independent System Operator",
                "value": "344",
                "value-units": "megawatthours"
            },
            {
                "period": "2022-11-19T13",
                "subba": "ZONI",
                "subba-name": "Dunwoodie - NYIS",
                "parent": "NYIS",
                "parent-name": "New York Independent System Operator",
                "value": "572",
                "value-units": "megawatthours"
            },
            {
                "period": "2022-11-19T13",
                "subba": "ZONJ",
                "subba-name": "New York City - NYIS",
                "parent": "NYIS",
                "parent-name": "New York Independent System Operator",
                "value": "4755",
                "value-units": "megawatthours"
            },
            {
                "period": "2022-11-19T13",
                "subba": "ZONK",
                "subba-name": "Long Island - NYIS",
                "parent": "NYIS",
                "parent-name": "New York Independent System Operator",
                "value": "1956",
                "value-units": "megawatthours"
            },
            {
                "period": "2022-11-19T12",
                "subba": "ZONA",
                "subba-name": "West - NYIS",
                "parent": "NYIS",
                "parent-name": "New York Independent System Operator",
                "value": "1539",
                "value-units": "megawatthours"
            },
            {
                "period": "2022-11-19T12",
                "subba": "ZONB",
                "subba-name": "Genesee - NYIS",
                "parent": "NYIS",
                "parent-name": "New York Independent System Operator",
                "value": "1038",
                "value-units": "megawatthours"
            },
            {
                "period": "2022-11-19T12",
                "subba": "ZONC",
                "subba-name": "Central - NYIS",
                "parent": "NYIS",
                "parent-name": "New York Independent System Operator",
                "value": "1751",
                "value-units": "megawatthours"
            },
            {
                "period": "2022-11-19T12",
                "subba": "ZOND",
                "subba-name": "North - NYIS",
                "parent": "NYIS",
                "parent-name": "New York Independent System Operator",
                "value": "668",
                "value-units": "megawatthours"
            },
            {
                "period": "2022-11-19T12",
                "subba": "ZONE",
                "subba-name": "Mohawk Valley - NYIS",
                "parent": "NYIS",
                "parent-name": "New York Independent System Operator",
                "value": "859",
                "value-units": "megawatthours"
            },
            {
                "period": "2022-11-19T12",
                "subba": "ZONF",
                "subba-name": "Capital - NYIS",
                "parent": "NYIS",
                "parent-name": "New York Independent System Operator",
                "value": "1323",
                "value-units": "megawatthours"
            },
            {
                "period": "2022-11-19T12",
                "subba": "ZONG",
                "subba-name": "Hudson Valley - NYIS",
                "parent": "NYIS",
                "parent-name": "New York Independent System Operator",
                "value": "1021",
                "value-units": "megawatthours"
            },
            {
                "period": "2022-11-19T12",
                "subba": "ZONH",
                "subba-name": "Millwood - NYIS",
                "parent": "NYIS",
                "parent-name": "New York Independent System Operator",
                "value": "328",
                "value-units": "megawatthours"
            },
            {
                "period": "2022-11-19T12",
                "subba": "ZONI",
                "subba-name": "Dunwoodie - NYIS",
                "parent": "NYIS",
                "parent-name": "New York Independent System Operator",
                "value": "553",
                "value-units": "megawatthours"
            },
            {
                "period": "2022-11-19T12",
                "subba": "ZONJ",
                "subba-name": "New York City - NYIS",
                "parent": "NYIS",
                "parent-name": "New York Independent System Operator",
                "value": "4549",
                "value-units": "megawatthours"
            },
            {
                "period": "2022-11-19T12",
                "subba": "ZONK",
                "subba-name": "Long Island - NYIS",
                "parent": "NYIS",
                "parent-name": "New York Independent System Operator",
                "value": "1893",
                "value-units": "megawatthours"
            },
            {
                "period": "2022-11-19T11",
                "subba": "ZONA",
                "subba-name": "West - NYIS",
                "parent": "NYIS",
                "parent-name": "New York Independent System Operator",
                "value": "1527",
                "value-units": "megawatthours"
            },
            {
                "period": "2022-11-19T11",
                "subba": "ZONB",
                "subba-name": "Genesee - NYIS",
                "parent": "NYIS",
                "parent-name": "New York Independent System Operator",
                "value": "997",
                "value-units": "megawatthours"
            },
            {
                "period": "2022-11-19T11",
                "subba": "ZONC",
                "subba-name": "Central - NYIS",
                "parent": "NYIS",
                "parent-name": "New York Independent System Operator",
                "value": "1687",
                "value-units": "megawatthours"
            },
            {
                "period": "2022-11-19T11",
                "subba": "ZOND",
                "subba-name": "North - NYIS",
                "parent": "NYIS",
                "parent-name": "New York Independent System Operator",
                "value": "668",
                "value-units": "megawatthours"
            },
            {
                "period": "2022-11-19T11",
                "subba": "ZONE",
                "subba-name": "Mohawk Valley - NYIS",
                "parent": "NYIS",
                "parent-name": "New York Independent System Operator",
                "value": "816",
                "value-units": "megawatthours"
            },
            {
                "period": "2022-11-19T11",
                "subba": "ZONF",
                "subba-name": "Capital - NYIS",
                "parent": "NYIS",
                "parent-name": "New York Independent System Operator",
                "value": "1264",
                "value-units": "megawatthours"
            },
            {
                "period": "2022-11-19T11",
                "subba": "ZONG",
                "subba-name": "Hudson Valley - NYIS",
                "parent": "NYIS",
                "parent-name": "New York Independent System Operator",
                "value": "972",
                "value-units": "megawatthours"
            },
            {
                "period": "2022-11-19T11",
                "subba": "ZONH",
                "subba-name": "Millwood - NYIS",
                "parent": "NYIS",
                "parent-name": "New York Independent System Operator",
                "value": "305",
                "value-units": "megawatthours"
            },
            {
                "period": "2022-11-19T11",
                "subba": "ZONI",
                "subba-name": "Dunwoodie - NYIS",
                "parent": "NYIS",
                "parent-name": "New York Independent System Operator",
                "value": "527",
                "value-units": "megawatthours"
            },
            {
                "period": "2022-11-19T11",
                "subba": "ZONJ",
                "subba-name": "New York City - NYIS",
                "parent": "NYIS",
                "parent-name": "New York Independent System Operator",
                "value": "4373",
                "value-units": "megawatthours"
            },
            {
                "period": "2022-11-19T11",
                "subba": "ZONK",
                "subba-name": "Long Island - NYIS",
                "parent": "NYIS",
                "parent-name": "New York Independent System Operator",
                "value": "1795",
                "value-units": "megawatthours"
            },
            {
                "period": "2022-11-19T10",
                "subba": "ZONA",
                "subba-name": "West - NYIS",
                "parent": "NYIS",
                "parent-name": "New York Independent System Operator",
                "value": "1512",
                "value-units": "megawatthours"
            },
            {
                "period": "2022-11-19T10",
                "subba": "ZONB",
                "subba-name": "Genesee - NYIS",
                "parent": "NYIS",
                "parent-name": "New York Independent System Operator",
                "value": "970",
                "value-units": "megawatthours"
            },
            {
                "period": "2022-11-19T10",
                "subba": "ZONC",
                "subba-name": "Central - NYIS",
                "parent": "NYIS",
                "parent-name": "New York Independent System Operator",
                "value": "1641",
                "value-units": "megawatthours"
            },
            {
                "period": "2022-11-19T10",
                "subba": "ZOND",
                "subba-name": "North - NYIS",
                "parent": "NYIS",
                "parent-name": "New York Independent System Operator",
                "value": "662",
                "value-units": "megawatthours"
            },
            {
                "period": "2022-11-19T10",
                "subba": "ZONE",
                "subba-name": "Mohawk Valley - NYIS",
                "parent": "NYIS",
                "parent-name": "New York Independent System Operator",
                "value": "784",
                "value-units": "megawatthours"
            },
            {
                "period": "2022-11-19T10",
                "subba": "ZONF",
                "subba-name": "Capital - NYIS",
                "parent": "NYIS",
                "parent-name": "New York Independent System Operator",
                "value": "1230",
                "value-units": "megawatthours"
            },
            {
                "period": "2022-11-19T10",
                "subba": "ZONG",
                "subba-name": "Hudson Valley - NYIS",
                "parent": "NYIS",
                "parent-name": "New York Independent System Operator",
                "value": "939",
                "value-units": "megawatthours"
            },
            {
                "period": "2022-11-19T10",
                "subba": "ZONH",
                "subba-name": "Millwood - NYIS",
                "parent": "NYIS",
                "parent-name": "New York Independent System Operator",
                "value": "296",
                "value-units": "megawatthours"
            },
            {
                "period": "2022-11-19T10",
                "subba": "ZONI",
                "subba-name": "Dunwoodie - NYIS",
                "parent": "NYIS",
                "parent-name": "New York Independent System Operator",
                "value": "510",
                "value-units": "megawatthours"
            },
            {
                "period": "2022-11-19T10",
                "subba": "ZONJ",
                "subba-name": "New York City - NYIS",
                "parent": "NYIS",
                "parent-name": "New York Independent System Operator",
                "value": "4297",
                "value-units": "megawatthours"
            },
            {
                "period": "2022-11-19T10",
                "subba": "ZONK",
                "subba-name": "Long Island - NYIS",
                "parent": "NYIS",
                "parent-name": "New York Independent System Operator",
                "value": "1744",
                "value-units": "megawatthours"
            },
            {
                "period": "2022-11-19T09",
                "subba": "ZONA",
                "subba-name": "West - NYIS",
                "parent": "NYIS",
                "parent-name": "New York Independent System Operator",
                "value": "1505",
                "value-units": "megawatthours"
            },
            {
                "period": "2022-11-19T09",
                "subba": "ZONB",
                "subba-name": "Genesee - NYIS",
                "parent": "NYIS",
                "parent-name": "New York Independent System Operator",
                "value": "962",
                "value-units": "megawatthours"
            },
            {
                "period": "2022-11-19T09",
                "subba": "ZONC",
                "subba-name": "Central - NYIS",
                "parent": "NYIS",
                "parent-name": "New York Independent System Operator",
                "value": "1613",
                "value-units": "megawatthours"
            },
            {
                "period": "2022-11-19T09",
                "subba": "ZOND",
                "subba-name": "North - NYIS",
                "parent": "NYIS",
                "parent-name": "New York Independent System Operator",
                "value": "685",
                "value-units": "megawatthours"
            },
            {
                "period": "2022-11-19T09",
                "subba": "ZONE",
                "subba-name": "Mohawk Valley - NYIS",
                "parent": "NYIS",
                "parent-name": "New York Independent System Operator",
                "value": "769",
                "value-units": "megawatthours"
            },
            {
                "period": "2022-11-19T09",
                "subba": "ZONF",
                "subba-name": "Capital - NYIS",
                "parent": "NYIS",
                "parent-name": "New York Independent System Operator",
                "value": "1217",
                "value-units": "megawatthours"
            },
            {
                "period": "2022-11-19T09",
                "subba": "ZONG",
                "subba-name": "Hudson Valley - NYIS",
                "parent": "NYIS",
                "parent-name": "New York Independent System Operator",
                "value": "931",
                "value-units": "megawatthours"
            },
            {
                "period": "2022-11-19T09",
                "subba": "ZONH",
                "subba-name": "Millwood - NYIS",
                "parent": "NYIS",
                "parent-name": "New York Independent System Operator",
                "value": "290",
                "value-units": "megawatthours"
            },
            {
                "period": "2022-11-19T09",
                "subba": "ZONI",
                "subba-name": "Dunwoodie - NYIS",
                "parent": "NYIS",
                "parent-name": "New York Independent System Operator",
                "value": "508",
                "value-units": "megawatthours"
            },
            {
                "period": "2022-11-19T09",
                "subba": "ZONJ",
                "subba-name": "New York City - NYIS",
                "parent": "NYIS",
                "parent-name": "New York Independent System Operator",
                "value": "4311",
                "value-units": "megawatthours"
            },
            {
                "period": "2022-11-19T09",
                "subba": "ZONK",
                "subba-name": "Long Island - NYIS",
                "parent": "NYIS",
                "parent-name": "New York Independent System Operator",
                "value": "1732",
                "value-units": "megawatthours"
            },
            {
                "period": "2022-11-19T08",
                "subba": "ZONA",
                "subba-name": "West - NYIS",
                "parent": "NYIS",
                "parent-name": "New York Independent System Operator",
                "value": "1509",
                "value-units": "megawatthours"
            },
            {
                "period": "2022-11-19T08",
                "subba": "ZONB",
                "subba-name": "Genesee - NYIS",
                "parent": "NYIS",
                "parent-name": "New York Independent System Operator",
                "value": "963",
                "value-units": "megawatthours"
            },
            {
                "period": "2022-11-19T08",
                "subba": "ZONC",
                "subba-name": "Central - NYIS",
                "parent": "NYIS",
                "parent-name": "New York Independent System Operator",
                "value": "1605",
                "value-units": "megawatthours"
            },
            {
                "period": "2022-11-19T08",
                "subba": "ZOND",
                "subba-name": "North - NYIS",
                "parent": "NYIS",
                "parent-name": "New York Independent System Operator",
                "value": "688",
                "value-units": "megawatthours"
            },
            {
                "period": "2022-11-19T08",
                "subba": "ZONE",
                "subba-name": "Mohawk Valley - NYIS",
                "parent": "NYIS",
                "parent-name": "New York Independent System Operator",
                "value": "762",
                "value-units": "megawatthours"
            },
            {
                "period": "2022-11-19T08",
                "subba": "ZONF",
                "subba-name": "Capital - NYIS",
                "parent": "NYIS",
                "parent-name": "New York Independent System Operator",
                "value": "1213",
                "value-units": "megawatthours"
            },
            {
                "period": "2022-11-19T08",
                "subba": "ZONG",
                "subba-name": "Hudson Valley - NYIS",
                "parent": "NYIS",
                "parent-name": "New York Independent System Operator",
                "value": "932",
                "value-units": "megawatthours"
            },
            {
                "period": "2022-11-19T08",
                "subba": "ZONH",
                "subba-name": "Millwood - NYIS",
                "parent": "NYIS",
                "parent-name": "New York Independent System Operator",
                "value": "290",
                "value-units": "megawatthours"
            },
            {
                "period": "2022-11-19T08",
                "subba": "ZONI",
                "subba-name": "Dunwoodie - NYIS",
                "parent": "NYIS",
                "parent-name": "New York Independent System Operator",
                "value": "514",
                "value-units": "megawatthours"
            },
            {
                "period": "2022-11-19T08",
                "subba": "ZONJ",
                "subba-name": "New York City - NYIS",
                "parent": "NYIS",
                "parent-name": "New York Independent System Operator",
                "value": "4369",
                "value-units": "megawatthours"
            },
            {
                "period": "2022-11-19T08",
                "subba": "ZONK",
                "subba-name": "Long Island - NYIS",
                "parent": "NYIS",
                "parent-name": "New York Independent System Operator",
                "value": "1746",
                "value-units": "megawatthours"
            },
            {
                "period": "2022-11-19T07",
                "subba": "ZONA",
                "subba-name": "West - NYIS",
                "parent": "NYIS",
                "parent-name": "New York Independent System Operator",
                "value": "1524",
                "value-units": "megawatthours"
            },
            {
                "period": "2022-11-19T07",
                "subba": "ZONB",
                "subba-name": "Genesee - NYIS",
                "parent": "NYIS",
                "parent-name": "New York Independent System Operator",
                "value": "976",
                "value-units": "megawatthours"
            },
            {
                "period": "2022-11-19T07",
                "subba": "ZONC",
                "subba-name": "Central - NYIS",
                "parent": "NYIS",
                "parent-name": "New York Independent System Operator",
                "value": "1615",
                "value-units": "megawatthours"
            },
            {
                "period": "2022-11-19T07",
                "subba": "ZOND",
                "subba-name": "North - NYIS",
                "parent": "NYIS",
                "parent-name": "New York Independent System Operator",
                "value": "669",
                "value-units": "megawatthours"
            },
            {
                "period": "2022-11-19T07",
                "subba": "ZONE",
                "subba-name": "Mohawk Valley - NYIS",
                "parent": "NYIS",
                "parent-name": "New York Independent System Operator",
                "value": "775",
                "value-units": "megawatthours"
            },
            {
                "period": "2022-11-19T07",
                "subba": "ZONF",
                "subba-name": "Capital - NYIS",
                "parent": "NYIS",
                "parent-name": "New York Independent System Operator",
                "value": "1225",
                "value-units": "megawatthours"
            },
            {
                "period": "2022-11-19T07",
                "subba": "ZONG",
                "subba-name": "Hudson Valley - NYIS",
                "parent": "NYIS",
                "parent-name": "New York Independent System Operator",
                "value": "945",
                "value-units": "megawatthours"
            },
            {
                "period": "2022-11-19T07",
                "subba": "ZONH",
                "subba-name": "Millwood - NYIS",
                "parent": "NYIS",
                "parent-name": "New York Independent System Operator",
                "value": "297",
                "value-units": "megawatthours"
            },
            {
                "period": "2022-11-19T07",
                "subba": "ZONI",
                "subba-name": "Dunwoodie - NYIS",
                "parent": "NYIS",
                "parent-name": "New York Independent System Operator",
                "value": "530",
                "value-units": "megawatthours"
            },
            {
                "period": "2022-11-19T07",
                "subba": "ZONJ",
                "subba-name": "New York City - NYIS",
                "parent": "NYIS",
                "parent-name": "New York Independent System Operator",
                "value": "4490",
                "value-units": "megawatthours"
            },
            {
                "period": "2022-11-19T07",
                "subba": "ZONK",
                "subba-name": "Long Island - NYIS",
                "parent": "NYIS",
                "parent-name": "New York Independent System Operator",
                "value": "1785",
                "value-units": "megawatthours"
            },
            {
                "period": "2022-11-19T06",
                "subba": "ZONA",
                "subba-name": "West - NYIS",
                "parent": "NYIS",
                "parent-name": "New York Independent System Operator",
                "value": "1547",
                "value-units": "megawatthours"
            },
            {
                "period": "2022-11-19T06",
                "subba": "ZONB",
                "subba-name": "Genesee - NYIS",
                "parent": "NYIS",
                "parent-name": "New York Independent System Operator",
                "value": "995",
                "value-units": "megawatthours"
            },
            {
                "period": "2022-11-19T06",
                "subba": "ZONC",
                "subba-name": "Central - NYIS",
                "parent": "NYIS",
                "parent-name": "New York Independent System Operator",
                "value": "1643",
                "value-units": "megawatthours"
            },
            {
                "period": "2022-11-19T06",
                "subba": "ZOND",
                "subba-name": "North - NYIS",
                "parent": "NYIS",
                "parent-name": "New York Independent System Operator",
                "value": "683",
                "value-units": "megawatthours"
            },
            {
                "period": "2022-11-19T06",
                "subba": "ZONE",
                "subba-name": "Mohawk Valley - NYIS",
                "parent": "NYIS",
                "parent-name": "New York Independent System Operator",
                "value": "790",
                "value-units": "megawatthours"
            },
            {
                "period": "2022-11-19T06",
                "subba": "ZONF",
                "subba-name": "Capital - NYIS",
                "parent": "NYIS",
                "parent-name": "New York Independent System Operator",
                "value": "1255",
                "value-units": "megawatthours"
            },
            {
                "period": "2022-11-19T06",
                "subba": "ZONG",
                "subba-name": "Hudson Valley - NYIS",
                "parent": "NYIS",
                "parent-name": "New York Independent System Operator",
                "value": "972",
                "value-units": "megawatthours"
            },
            {
                "period": "2022-11-19T06",
                "subba": "ZONH",
                "subba-name": "Millwood - NYIS",
                "parent": "NYIS",
                "parent-name": "New York Independent System Operator",
                "value": "300",
                "value-units": "megawatthours"
            },
            {
                "period": "2022-11-19T06",
                "subba": "ZONI",
                "subba-name": "Dunwoodie - NYIS",
                "parent": "NYIS",
                "parent-name": "New York Independent System Operator",
                "value": "546",
                "value-units": "megawatthours"
            },
            {
                "period": "2022-11-19T06",
                "subba": "ZONJ",
                "subba-name": "New York City - NYIS",
                "parent": "NYIS",
                "parent-name": "New York Independent System Operator",
                "value": "4658",
                "value-units": "megawatthours"
            },
            {
                "period": "2022-11-19T06",
                "subba": "ZONK",
                "subba-name": "Long Island - NYIS",
                "parent": "NYIS",
                "parent-name": "New York Independent System Operator",
                "value": "1862",
                "value-units": "megawatthours"
            },
            {
                "period": "2022-11-19T05",
                "subba": "ZONA",
                "subba-name": "West - NYIS",
                "parent": "NYIS",
                "parent-name": "New York Independent System Operator",
                "value": "1596",
                "value-units": "megawatthours"
            },
            {
                "period": "2022-11-19T05",
                "subba": "ZONB",
                "subba-name": "Genesee - NYIS",
                "parent": "NYIS",
                "parent-name": "New York Independent System Operator",
                "value": "1021",
                "value-units": "megawatthours"
            },
            {
                "period": "2022-11-19T05",
                "subba": "ZONC",
                "subba-name": "Central - NYIS",
                "parent": "NYIS",
                "parent-name": "New York Independent System Operator",
                "value": "1693",
                "value-units": "megawatthours"
            },
            {
                "period": "2022-11-19T05",
                "subba": "ZOND",
                "subba-name": "North - NYIS",
                "parent": "NYIS",
                "parent-name": "New York Independent System Operator",
                "value": "686",
                "value-units": "megawatthours"
            },
            {
                "period": "2022-11-19T05",
                "subba": "ZONE",
                "subba-name": "Mohawk Valley - NYIS",
                "parent": "NYIS",
                "parent-name": "New York Independent System Operator",
                "value": "815",
                "value-units": "megawatthours"
            },
            {
                "period": "2022-11-19T05",
                "subba": "ZONF",
                "subba-name": "Capital - NYIS",
                "parent": "NYIS",
                "parent-name": "New York Independent System Operator",
                "value": "1293",
                "value-units": "megawatthours"
            },
            {
                "period": "2022-11-19T05",
                "subba": "ZONG",
                "subba-name": "Hudson Valley - NYIS",
                "parent": "NYIS",
                "parent-name": "New York Independent System Operator",
                "value": "1009",
                "value-units": "megawatthours"
            },
            {
                "period": "2022-11-19T05",
                "subba": "ZONH",
                "subba-name": "Millwood - NYIS",
                "parent": "NYIS",
                "parent-name": "New York Independent System Operator",
                "value": "318",
                "value-units": "megawatthours"
            },
            {
                "period": "2022-11-19T05",
                "subba": "ZONI",
                "subba-name": "Dunwoodie - NYIS",
                "parent": "NYIS",
                "parent-name": "New York Independent System Operator",
                "value": "570",
                "value-units": "megawatthours"
            },
            {
                "period": "2022-11-19T05",
                "subba": "ZONJ",
                "subba-name": "New York City - NYIS",
                "parent": "NYIS",
                "parent-name": "New York Independent System Operator",
                "value": "4891",
                "value-units": "megawatthours"
            },
            {
                "period": "2022-11-19T05",
                "subba": "ZONK",
                "subba-name": "Long Island - NYIS",
                "parent": "NYIS",
                "parent-name": "New York Independent System Operator",
                "value": "1976",
                "value-units": "megawatthours"
            },
            {
                "period": "2022-11-19T04",
                "subba": "ZONA",
                "subba-name": "West - NYIS",
                "parent": "NYIS",
                "parent-name": "New York Independent System Operator",
                "value": "1655",
                "value-units": "megawatthours"
            },
            {
                "period": "2022-11-19T04",
                "subba": "ZONB",
                "subba-name": "Genesee - NYIS",
                "parent": "NYIS",
                "parent-name": "New York Independent System Operator",
                "value": "1064",
                "value-units": "megawatthours"
            },
            {
                "period": "2022-11-19T04",
                "subba": "ZONC",
                "subba-name": "Central - NYIS",
                "parent": "NYIS",
                "parent-name": "New York Independent System Operator",
                "value": "1766",
                "value-units": "megawatthours"
            },
            {
                "period": "2022-11-19T04",
                "subba": "ZOND",
                "subba-name": "North - NYIS",
                "parent": "NYIS",
                "parent-name": "New York Independent System Operator",
                "value": "685",
                "value-units": "megawatthours"
            },
            {
                "period": "2022-11-19T04",
                "subba": "ZONE",
                "subba-name": "Mohawk Valley - NYIS",
                "parent": "NYIS",
                "parent-name": "New York Independent System Operator",
                "value": "855",
                "value-units": "megawatthours"
            },
            {
                "period": "2022-11-19T04",
                "subba": "ZONF",
                "subba-name": "Capital - NYIS",
                "parent": "NYIS",
                "parent-name": "New York Independent System Operator",
                "value": "1345",
                "value-units": "megawatthours"
            },
            {
                "period": "2022-11-19T04",
                "subba": "ZONG",
                "subba-name": "Hudson Valley - NYIS",
                "parent": "NYIS",
                "parent-name": "New York Independent System Operator",
                "value": "1074",
                "value-units": "megawatthours"
            },
            {
                "period": "2022-11-19T04",
                "subba": "ZONH",
                "subba-name": "Millwood - NYIS",
                "parent": "NYIS",
                "parent-name": "New York Independent System Operator",
                "value": "340",
                "value-units": "megawatthours"
            },
            {
                "period": "2022-11-19T04",
                "subba": "ZONI",
                "subba-name": "Dunwoodie - NYIS",
                "parent": "NYIS",
                "parent-name": "New York Independent System Operator",
                "value": "611",
                "value-units": "megawatthours"
            },
            {
                "period": "2022-11-19T04",
                "subba": "ZONJ",
                "subba-name": "New York City - NYIS",
                "parent": "NYIS",
                "parent-name": "New York Independent System Operator",
                "value": "5152",
                "value-units": "megawatthours"
            },
            {
                "period": "2022-11-19T04",
                "subba": "ZONK",
                "subba-name": "Long Island - NYIS",
                "parent": "NYIS",
                "parent-name": "New York Independent System Operator",
                "value": "2113",
                "value-units": "megawatthours"
            },
            {
                "period": "2022-11-19T03",
                "subba": "ZONA",
                "subba-name": "West - NYIS",
                "parent": "NYIS",
                "parent-name": "New York Independent System Operator",
                "value": "1722",
                "value-units": "megawatthours"
            },
            {
                "period": "2022-11-19T03",
                "subba": "ZONB",
                "subba-name": "Genesee - NYIS",
                "parent": "NYIS",
                "parent-name": "New York Independent System Operator",
                "value": "1128",
                "value-units": "megawatthours"
            },
            {
                "period": "2022-11-19T03",
                "subba": "ZONC",
                "subba-name": "Central - NYIS",
                "parent": "NYIS",
                "parent-name": "New York Independent System Operator",
                "value": "1850",
                "value-units": "megawatthours"
            },
            {
                "period": "2022-11-19T03",
                "subba": "ZOND",
                "subba-name": "North - NYIS",
                "parent": "NYIS",
                "parent-name": "New York Independent System Operator",
                "value": "697",
                "value-units": "megawatthours"
            },
            {
                "period": "2022-11-19T03",
                "subba": "ZONE",
                "subba-name": "Mohawk Valley - NYIS",
                "parent": "NYIS",
                "parent-name": "New York Independent System Operator",
                "value": "919",
                "value-units": "megawatthours"
            },
            {
                "period": "2022-11-19T03",
                "subba": "ZONF",
                "subba-name": "Capital - NYIS",
                "parent": "NYIS",
                "parent-name": "New York Independent System Operator",
                "value": "1405",
                "value-units": "megawatthours"
            },
            {
                "period": "2022-11-19T03",
                "subba": "ZONG",
                "subba-name": "Hudson Valley - NYIS",
                "parent": "NYIS",
                "parent-name": "New York Independent System Operator",
                "value": "1138",
                "value-units": "megawatthours"
            },
            {
                "period": "2022-11-19T03",
                "subba": "ZONH",
                "subba-name": "Millwood - NYIS",
                "parent": "NYIS",
                "parent-name": "New York Independent System Operator",
                "value": "361",
                "value-units": "megawatthours"
            },
            {
                "period": "2022-11-19T03",
                "subba": "ZONI",
                "subba-name": "Dunwoodie - NYIS",
                "parent": "NYIS",
                "parent-name": "New York Independent System Operator",
                "value": "650",
                "value-units": "megawatthours"
            },
            {
                "period": "2022-11-19T03",
                "subba": "ZONJ",
                "subba-name": "New York City - NYIS",
                "parent": "NYIS",
                "parent-name": "New York Independent System Operator",
                "value": "5434",
                "value-units": "megawatthours"
            },
            {
                "period": "2022-11-19T03",
                "subba": "ZONK",
                "subba-name": "Long Island - NYIS",
                "parent": "NYIS",
                "parent-name": "New York Independent System Operator",
                "value": "2268",
                "value-units": "megawatthours"
            },
            {
                "period": "2022-11-19T02",
                "subba": "ZONA",
                "subba-name": "West - NYIS",
                "parent": "NYIS",
                "parent-name": "New York Independent System Operator",
                "value": "1785",
                "value-units": "megawatthours"
            },
            {
                "period": "2022-11-19T02",
                "subba": "ZONB",
                "subba-name": "Genesee - NYIS",
                "parent": "NYIS",
                "parent-name": "New York Independent System Operator",
                "value": "1180",
                "value-units": "megawatthours"
            },
            {
                "period": "2022-11-19T02",
                "subba": "ZONC",
                "subba-name": "Central - NYIS",
                "parent": "NYIS",
                "parent-name": "New York Independent System Operator",
                "value": "1905",
                "value-units": "megawatthours"
            },
            {
                "period": "2022-11-19T02",
                "subba": "ZOND",
                "subba-name": "North - NYIS",
                "parent": "NYIS",
                "parent-name": "New York Independent System Operator",
                "value": "723",
                "value-units": "megawatthours"
            },
            {
                "period": "2022-11-19T02",
                "subba": "ZONE",
                "subba-name": "Mohawk Valley - NYIS",
                "parent": "NYIS",
                "parent-name": "New York Independent System Operator",
                "value": "965",
                "value-units": "megawatthours"
            },
            {
                "period": "2022-11-19T02",
                "subba": "ZONF",
                "subba-name": "Capital - NYIS",
                "parent": "NYIS",
                "parent-name": "New York Independent System Operator",
                "value": "1458",
                "value-units": "megawatthours"
            },
            {
                "period": "2022-11-19T02",
                "subba": "ZONG",
                "subba-name": "Hudson Valley - NYIS",
                "parent": "NYIS",
                "parent-name": "New York Independent System Operator",
                "value": "1184",
                "value-units": "megawatthours"
            },
            {
                "period": "2022-11-19T02",
                "subba": "ZONH",
                "subba-name": "Millwood - NYIS",
                "parent": "NYIS",
                "parent-name": "New York Independent System Operator",
                "value": "373",
                "value-units": "megawatthours"
            },
            {
                "period": "2022-11-19T02",
                "subba": "ZONI",
                "subba-name": "Dunwoodie - NYIS",
                "parent": "NYIS",
                "parent-name": "New York Independent System Operator",
                "value": "677",
                "value-units": "megawatthours"
            },
            {
                "period": "2022-11-19T02",
                "subba": "ZONJ",
                "subba-name": "New York City - NYIS",
                "parent": "NYIS",
                "parent-name": "New York Independent System Operator",
                "value": "5627",
                "value-units": "megawatthours"
            },
            {
                "period": "2022-11-19T02",
                "subba": "ZONK",
                "subba-name": "Long Island - NYIS",
                "parent": "NYIS",
                "parent-name": "New York Independent System Operator",
                "value": "2365",
                "value-units": "megawatthours"
            },
            {
                "period": "2022-11-19T01",
                "subba": "ZONA",
                "subba-name": "West - NYIS",
                "parent": "NYIS",
                "parent-name": "New York Independent System Operator",
                "value": "1827",
                "value-units": "megawatthours"
            },
            {
                "period": "2022-11-19T01",
                "subba": "ZONB",
                "subba-name": "Genesee - NYIS",
                "parent": "NYIS",
                "parent-name": "New York Independent System Operator",
                "value": "1220",
                "value-units": "megawatthours"
            },
            {
                "period": "2022-11-19T01",
                "subba": "ZONC",
                "subba-name": "Central - NYIS",
                "parent": "NYIS",
                "parent-name": "New York Independent System Operator",
                "value": "1958",
                "value-units": "megawatthours"
            },
            {
                "period": "2022-11-19T01",
                "subba": "ZOND",
                "subba-name": "North - NYIS",
                "parent": "NYIS",
                "parent-name": "New York Independent System Operator",
                "value": "738",
                "value-units": "megawatthours"
            },
            {
                "period": "2022-11-19T01",
                "subba": "ZONE",
                "subba-name": "Mohawk Valley - NYIS",
                "parent": "NYIS",
                "parent-name": "New York Independent System Operator",
                "value": "987",
                "value-units": "megawatthours"
            },
            {
                "period": "2022-11-19T01",
                "subba": "ZONF",
                "subba-name": "Capital - NYIS",
                "parent": "NYIS",
                "parent-name": "New York Independent System Operator",
                "value": "1507",
                "value-units": "megawatthours"
            },
            {
                "period": "2022-11-19T01",
                "subba": "ZONG",
                "subba-name": "Hudson Valley - NYIS",
                "parent": "NYIS",
                "parent-name": "New York Independent System Operator",
                "value": "1212",
                "value-units": "megawatthours"
            },
            {
                "period": "2022-11-19T01",
                "subba": "ZONH",
                "subba-name": "Millwood - NYIS",
                "parent": "NYIS",
                "parent-name": "New York Independent System Operator",
                "value": "380",
                "value-units": "megawatthours"
            },
            {
                "period": "2022-11-19T01",
                "subba": "ZONI",
                "subba-name": "Dunwoodie - NYIS",
                "parent": "NYIS",
                "parent-name": "New York Independent System Operator",
                "value": "696",
                "value-units": "megawatthours"
            },
            {
                "period": "2022-11-19T01",
                "subba": "ZONJ",
                "subba-name": "New York City - NYIS",
                "parent": "NYIS",
                "parent-name": "New York Independent System Operator",
                "value": "5783",
                "value-units": "megawatthours"
            },
            {
                "period": "2022-11-19T01",
                "subba": "ZONK",
                "subba-name": "Long Island - NYIS",
                "parent": "NYIS",
                "parent-name": "New York Independent System Operator",
                "value": "2439",
                "value-units": "megawatthours"
            },
            {
                "period": "2022-11-19T00",
                "subba": "ZONA",
                "subba-name": "West - NYIS",
                "parent": "NYIS",
                "parent-name": "New York Independent System Operator",
                "value": "1862",
                "value-units": "megawatthours"
            },
            {
                "period": "2022-11-19T00",
                "subba": "ZONB",
                "subba-name": "Genesee - NYIS",
                "parent": "NYIS",
                "parent-name": "New York Independent System Operator",
                "value": "1251",
                "value-units": "megawatthours"
            },
            {
                "period": "2022-11-19T00",
                "subba": "ZONC",
                "subba-name": "Central - NYIS",
                "parent": "NYIS",
                "parent-name": "New York Independent System Operator",
                "value": "2015",
                "value-units": "megawatthours"
            },
            {
                "period": "2022-11-19T00",
                "subba": "ZOND",
                "subba-name": "North - NYIS",
                "parent": "NYIS",
                "parent-name": "New York Independent System Operator",
                "value": "738",
                "value-units": "megawatthours"
            },
            {
                "period": "2022-11-19T00",
                "subba": "ZONE",
                "subba-name": "Mohawk Valley - NYIS",
                "parent": "NYIS",
                "parent-name": "New York Independent System Operator",
                "value": "1009",
                "value-units": "megawatthours"
            },
            {
                "period": "2022-11-19T00",
                "subba": "ZONF",
                "subba-name": "Capital - NYIS",
                "parent": "NYIS",
                "parent-name": "New York Independent System Operator",
                "value": "1551",
                "value-units": "megawatthours"
            },
            {
                "period": "2022-11-19T00",
                "subba": "ZONG",
                "subba-name": "Hudson Valley - NYIS",
                "parent": "NYIS",
                "parent-name": "New York Independent System Operator",
                "value": "1236",
                "value-units": "megawatthours"
            },
            {
                "period": "2022-11-19T00",
                "subba": "ZONH",
                "subba-name": "Millwood - NYIS",
                "parent": "NYIS",
                "parent-name": "New York Independent System Operator",
                "value": "389",
                "value-units": "megawatthours"
            },
            {
                "period": "2022-11-19T00",
                "subba": "ZONI",
                "subba-name": "Dunwoodie - NYIS",
                "parent": "NYIS",
                "parent-name": "New York Independent System Operator",
                "value": "714",
                "value-units": "megawatthours"
            },
            {
                "period": "2022-11-19T00",
                "subba": "ZONJ",
                "subba-name": "New York City - NYIS",
                "parent": "NYIS",
                "parent-name": "New York Independent System Operator",
                "value": "5954",
                "value-units": "megawatthours"
            },
            {
                "period": "2022-11-19T00",
                "subba": "ZONK",
                "subba-name": "Long Island - NYIS",
                "parent": "NYIS",
                "parent-name": "New York Independent System Operator",
                "value": "2508",
                "value-units": "megawatthours"
            }
        ],
        "description": "Hourly demand by balancing authority subregion.  \n    Source: Form EIA-930\n    Product: Hourly Electric Grid Monitor"
    },
    "request": {
        "command": "/v2/electricity/rto/region-sub-ba-data/data/",
        "params": {
            "frequency": "hourly",
            "data": [
                "value"
            ],
            "sort": [
                {
                    "column": "period",
                    "direction": "desc"
                }
            ],
            "facets": {
                "parent": [
                    "NYIS"
                ]
            },
            "offset": "0",
            "length": "5000",
            "start": "2022-11-19",
            "end": "2022-11-20",
            "api_key": "dqRq8VpXSoyUrCbrPhuYFxGl6Rul9kmVcRshZ98c"
        }
    },
    "apiVersion": "2.1.8",
    "ExcelAddInVersion": "2.1.0"
}