{
    "response": {
        "total": "275",
        "dateFormat": "YYYY-MM-DD\"T\"HH24",
        "frequency": "hourly",
        "data": [
            {
                "period": "2023-02-17T00",
                "subba": "ZONA",
                "subba-name": "West - NYIS",
                "parent": "NYIS",
                "parent-name": "New York Independent System Operator",
                "value": "1826",
                "value-units": "megawatthours"
            },
            {
                "period": "2023-02-17T00",
                "subba": "ZONB",
                "subba-name": "Genesee - NYIS",
                "parent": "NYIS",
                "parent-name": "New York Independent System Operator",
                "value": "1229",
                "value-units": "megawatthours"
            },
            {
                "period": "2023-02-17T00",
                "subba": "ZONC",
                "subba-name": "Central - NYIS",
                "parent": "NYIS",
                "parent-name": "New York Independent System Operator",
                "value": "1869",
                "value-units": "megawatthours"
            },
            {
                "period": "2023-02-17T00",
                "subba": "ZOND",
                "subba-name": "North - NYIS",
                "parent": "NYIS",
                "parent-name": "New York Independent System Operator",
                "value": "736",
                "value-units": "megawatthours"
            },
            {
                "period": "2023-02-17T00",
                "subba": "ZONE",
                "subba-name": "Mohawk Valley - NYIS",
                "parent": "NYIS",
                "parent-name": "New York Independent System Operator",
                "value": "948",
                "value-units": "megawatthours"
            },
            {
                "period": "2023-02-17T00",
                "subba": "ZONF",
                "subba-name": "Capital - NYIS",
                "parent": "NYIS",
                "parent-name": "New York Independent System Operator",
                "value": "1422",
                "value-units": "megawatthours"
            },
            {
                "period": "2023-02-17T00",
                "subba": "ZONG",
                "subba-name": "Hudson Valley - NYIS",
                "parent": "NYIS",
                "parent-name": "New York Independent System Operator",
                "value": "1110",
                "value-units": "megawatthours"
            },
            {
                "period": "2023-02-17T00",
                "subba": "ZONH",
                "subba-name": "Millwood - NYIS",
                "parent": "NYIS",
                "parent-name": "New York Independent System Operator",
                "value": "311",
                "value-units": "megawatthours"
            },
            {
                "period": "2023-02-17T00",
                "subba": "ZONI",
                "subba-name": "Dunwoodie - NYIS",
                "parent": "NYIS",
                "parent-name": "New York Independent System Operator",
                "value": "654",
                "value-units": "megawatthours"
            },
            {
                "period": "2023-02-17T00",
                "subba": "ZONJ",
                "subba-name": "New York City - NYIS",
                "parent": "NYIS",
                "parent-name": "New York Independent System Operator",
                "value": "5676",
                "value-units": "megawatthours"
            },
            {
                "period": "2023-02-17T00",
                "subba": "ZONK",
                "subba-name": "Long Island - NYIS",
                "parent": "NYIS",
                "parent-name": "New York Independent System Operator",
                "value": "2303",
                "value-units": "megawatthours"
            },
            {
                "period": "2023-02-16T23",
                "subba": "ZONA",
                "subba-name": "West - NYIS",
                "parent": "NYIS",
                "parent-name": "New York Independent System Operator",
                "value": "1797",
                "value-units": "megawatthours"
            },
            {
                "period": "2023-02-16T23",
                "subba": "ZONB",
                "subba-name": "Genesee - NYIS",
                "parent": "NYIS",
                "parent-name": "New York Independent System Operator",
                "value": "1208",
                "value-units": "megawatthours"
            },
            {
                "period": "2023-02-16T23",
                "subba": "ZONC",
                "subba-name": "Central - NYIS",
                "parent": "NYIS",
                "parent-name": "New York Independent System Operator",
                "value": "1848",
                "value-units": "megawatthours"
            },
            {
                "period": "2023-02-16T23",
                "subba": "ZOND",
                "subba-name": "North - NYIS",
                "parent": "NYIS",
                "parent-name": "New York Independent System Operator",
                "value": "726",
                "value-units": "megawatthours"
            },
            {
                "period": "2023-02-16T23",
                "subba": "ZONE",
                "subba-name": "Mohawk Valley - NYIS",
                "parent": "NYIS",
                "parent-name": "New York Independent System Operator",
                "value": "932",
                "value-units": "megawatthours"
            },
            {
                "period": "2023-02-16T23",
                "subba": "ZONF",
                "subba-name": "Capital - NYIS",
                "parent": "NYIS",
                "parent-name": "New York Independent System Operator",
                "value": "1410",
                "value-units": "megawatthours"
            },
            {
                "period": "2023-02-16T23",
                "subba": "ZONG",
                "subba-name": "Hudson Valley - NYIS",
                "parent": "NYIS",
                "parent-name": "New York Independent System Operator",
                "value": "1088",
                "value-units": "megawatthours"
            },
            {
                "period": "2023-02-16T23",
                "subba": "ZONH",
                "subba-name": "Millwood - NYIS",
                "parent": "NYIS",
                "parent-name": "New York Independent System Operator",
                "value": "297",
                "value-units": "megawatthours"
            },
            {
                "period": "2023-02-16T23",
                "subba": "ZONI",
                "subba-name": "Dunwoodie - NYIS",
                "parent": "NYIS",
                "parent-name": "New York Independent System Operator",
                "value": "643",
                "value-units": "megawatthours"
            },
            {
                "period": "2023-02-16T23",
                "subba": "ZONJ",
                "subba-name": "New York City - NYIS",
                "parent": "NYIS",
                "parent-name": "New York Independent System Operator",
                "value": "5754",
                "value-units": "megawatthours"
            },
            {
                "period": "2023-02-16T23",
                "subba": "ZONK",
                "subba-name": "Long Island - NYIS",
                "parent": "NYIS",
                "parent-name": "New York Independent System Operator",
                "value": "2246",
                "value-units": "megawatthours"
            },
            {
                "period": "2023-02-16T22",
                "subba": "ZONA",
                "subba-name": "West - NYIS",
                "parent": "NYIS",
                "parent-name": "New York Independent System Operator",
                "value": "1745",
                "value-units": "megawatthours"
            },
            {
                "period": "2023-02-16T22",
                "subba": "ZONB",
                "subba-name": "Genesee - NYIS",
                "parent": "NYIS",
                "parent-name": "New York Independent System Operator",
                "value": "1160",
                "value-units": "megawatthours"
            },
            {
                "period": "2023-02-16T22",
                "subba": "ZONC",
                "subba-name": "Central - NYIS",
                "parent": "NYIS",
                "parent-name": "New York Independent System Operator",
                "value": "1802",
                "value-units": "megawatthours"
            },
            {
                "period": "2023-02-16T22",
                "subba": "ZOND",
                "subba-name": "North - NYIS",
                "parent": "NYIS",
                "parent-name": "New York Independent System Operator",
                "value": "713",
                "value-units": "megawatthours"
            },
            {
                "period": "2023-02-16T22",
                "subba": "ZONE",
                "subba-name": "Mohawk Valley - NYIS",
                "parent": "NYIS",
                "parent-name": "New York Independent System Operator",
                "value": "887",
                "value-units": "megawatthours"
            },
            {
                "period": "2023-02-16T22",
                "subba": "ZONF",
                "subba-name": "Capital - NYIS",
                "parent": "NYIS",
                "parent-name": "New York Independent System Operator",
                "value": "1333",
                "value-units": "megawatthours"
            },
            {
                "period": "2023-02-16T22",
                "subba": "ZONG",
                "subba-name": "Hudson Valley - NYIS",
                "parent": "NYIS",
                "parent-name": "New York Independent System Operator",
                "value": "1033",
                "value-units": "megawatthours"
            },
            {
                "period": "2023-02-16T22",
                "subba": "ZONH",
                "subba-name": "Millwood - NYIS",
                "parent": "NYIS",
                "parent-name": "New York Independent System Operator",
                "value": "282",
                "value-units": "megawatthours"
            },
            {
                "period": "2023-02-16T22",
                "subba": "ZONI",
                "subba-name": "Dunwoodie - NYIS",
                "parent": "NYIS",
                "parent-name": "New York Independent System Operator",
                "value": "622",
                "value-units": "megawatthours"
            },
            {
                "period": "2023-02-16T22",
                "subba": "ZONJ",
                "subba-name": "New York City - NYIS",
                "parent": "NYIS",
                "parent-name": "New York Independent System Operator",
                "value": "5689",
                "value-units": "megawatthours"
            },
            {
                "period": "2023-02-16T22",
                "subba": "ZONK",
                "subba-name": "Long Island - NYIS",
                "parent": "NYIS",
                "parent-name": "New York Independent System Operator",
                "value": "2137",
                "value-units": "megawatthours"
            },
            {
                "period": "2023-02-16T21",
                "subba": "ZONA",
                "subba-name": "West - NYIS",
                "parent": "NYIS",
                "parent-name": "New York Independent System Operator",
                "value": "1734",
                "value-units": "megawatthours"
            },
            {
                "period": "2023-02-16T21",
                "subba": "ZONB",
                "subba-name": "Genesee - NYIS",
                "parent": "NYIS",
                "parent-name": "New York Independent System Operator",
                "value": "1130",
                "value-units": "megawatthours"
            },
            {
                "period": "2023-02-16T21",
                "subba": "ZONC",
                "subba-name": "Central - NYIS",
                "parent": "NYIS",
                "parent-name": "New York Independent System Operator",
                "value": "1768",
                "value-units": "megawatthours"
            },
            {
                "period": "2023-02-16T21",
                "subba": "ZOND",
                "subba-name": "North - NYIS",
                "parent": "NYIS",
                "parent-name": "New York Independent System Operator",
                "value": "709",
                "value-units": "megawatthours"
            },
            {
                "period": "2023-02-16T21",
                "subba": "ZONE",
                "subba-name": "Mohawk Valley - NYIS",
                "parent": "NYIS",
                "parent-name": "New York Independent System Operator",
                "value": "850",
                "value-units": "megawatthours"
            },
            {
                "period": "2023-02-16T21",
                "subba": "ZONF",
                "subba-name": "Capital - NYIS",
                "parent": "NYIS",
                "parent-name": "New York Independent System Operator",
                "value": "1275",
                "value-units": "megawatthours"
            },
            {
                "period": "2023-02-16T21",
                "subba": "ZONG",
                "subba-name": "Hudson Valley - NYIS",
                "parent": "NYIS",
                "parent-name": "New York Independent System Operator",
                "value": "995",
                "value-units": "megawatthours"
            },
            {
                "period": "2023-02-16T21",
                "subba": "ZONH",
                "subba-name": "Millwood - NYIS",
                "parent": "NYIS",
                "parent-name": "New York Independent System Operator",
                "value": "271",
                "value-units": "megawatthours"
            },
            {
                "period": "2023-02-16T21",
                "subba": "ZONI",
                "subba-name": "Dunwoodie - NYIS",
                "parent": "NYIS",
                "parent-name": "New York Independent System Operator",
                "value": "613",
                "value-units": "megawatthours"
            },
            {
                "period": "2023-02-16T21",
                "subba": "ZONJ",
                "subba-name": "New York City - NYIS",
                "parent": "NYIS",
                "parent-name": "New York Independent System Operator",
                "value": "5652",
                "value-units": "megawatthours"
            },
            {
                "period": "2023-02-16T21",
                "subba": "ZONK",
                "subba-name": "Long Island - NYIS",
                "parent": "NYIS",
                "parent-name": "New York Independent System Operator",
                "value": "2058",
                "value-units": "megawatthours"
            },
            {
                "period": "2023-02-16T20",
                "subba": "ZONA",
                "subba-name": "West - NYIS",
                "parent": "NYIS",
                "parent-name": "New York Independent System Operator",
                "value": "1749",
                "value-units": "megawatthours"
            },
            {
                "period": "2023-02-16T20",
                "subba": "ZONB",
                "subba-name": "Genesee - NYIS",
                "parent": "NYIS",
                "parent-name": "New York Independent System Operator",
                "value": "1095",
                "value-units": "megawatthours"
            },
            {
                "period": "2023-02-16T20",
                "subba": "ZONC",
                "subba-name": "Central - NYIS",
                "parent": "NYIS",
                "parent-name": "New York Independent System Operator",
                "value": "1731",
                "value-units": "megawatthours"
            },
            {
                "period": "2023-02-16T20",
                "subba": "ZOND",
                "subba-name": "North - NYIS",
                "parent": "NYIS",
                "parent-name": "New York Independent System Operator",
                "value": "704",
                "value-units": "megawatthours"
            },
            {
                "period": "2023-02-16T20",
                "subba": "ZONE",
                "subba-name": "Mohawk Valley - NYIS",
                "parent": "NYIS",
                "parent-name": "New York Independent System Operator",
                "value": "845",
                "value-units": "megawatthours"
            },
            {
                "period": "2023-02-16T20",
                "subba": "ZONF",
                "subba-name": "Capital - NYIS",
                "parent": "NYIS",
                "parent-name": "New York Independent System Operator",
                "value": "1231",
                "value-units": "megawatthours"
            },
            {
                "period": "2023-02-16T20",
                "subba": "ZONG",
                "subba-name": "Hudson Valley - NYIS",
                "parent": "NYIS",
                "parent-name": "New York Independent System Operator",
                "value": "957",
                "value-units": "megawatthours"
            },
            {
                "period": "2023-02-16T20",
                "subba": "ZONH",
                "subba-name": "Millwood - NYIS",
                "parent": "NYIS",
                "parent-name": "New York Independent System Operator",
                "value": "263",
                "value-units": "megawatthours"
            },
            {
                "period": "2023-02-16T20",
                "subba": "ZONI",
                "subba-name": "Dunwoodie - NYIS",
                "parent": "NYIS",
                "parent-name": "New York Independent System Operator",
                "value": "601",
                "value-units": "megawatthours"
            },
            {
                "period": "2023-02-16T20",
                "subba": "ZONJ",
                "subba-name": "New York City - NYIS",
                "parent": "NYIS",
                "parent-name": "New York Independent System Operator",
                "value": "5603",
                "value-units": "megawatthours"
            },
            {
                "period": "2023-02-16T20",
                "subba": "ZONK",
                "subba-name": "Long Island - NYIS",
                "parent": "NYIS",
                "parent-name": "New York Independent System Operator",
                "value": "1999",
                "value-units": "megawatthours"
            },
            {
                "period": "2023-02-16T19",
                "subba": "ZONA",
                "subba-name": "West - NYIS",
                "parent": "NYIS",
                "parent-name": "New York Independent System Operator",
                "value": "1748",
                "value-units": "megawatthours"
            },
            {
                "period": "2023-02-16T19",
                "subba": "ZONB",
                "subba-name": "Genesee - NYIS",
                "parent": "NYIS",
                "parent-name": "New York Independent System Operator",
                "value": "1068",
                "value-units": "megawatthours"
            },
            {
                "period": "2023-02-16T19",
                "subba": "ZONC",
                "subba-name": "Central - NYIS",
                "parent": "NYIS",
                "parent-name": "New York Independent System Operator",
                "value": "1760",
                "value-units": "megawatthours"
            },
            {
                "period": "2023-02-16T19",
                "subba": "ZOND",
                "subba-name": "North - NYIS",
                "parent": "NYIS",
                "parent-name": "New York Independent System Operator",
                "value": "695",
                "value-units": "megawatthours"
            },
            {
                "period": "2023-02-16T19",
                "subba": "ZONE",
                "subba-name": "Mohawk Valley - NYIS",
                "parent": "NYIS",
                "parent-name": "New York Independent System Operator",
                "value": "840",
                "value-units": "megawatthours"
            },
            {
                "period": "2023-02-16T19",
                "subba": "ZONF",
                "subba-name": "Capital - NYIS",
                "parent": "NYIS",
                "parent-name": "New York Independent System Operator",
                "value": "1200",
                "value-units": "megawatthours"
            },
            {
                "period": "2023-02-16T19",
                "subba": "ZONG",
                "subba-name": "Hudson Valley - NYIS",
                "parent": "NYIS",
                "parent-name": "New York Independent System Operator",
                "value": "919",
                "value-units": "megawatthours"
            },
            {
                "period": "2023-02-16T19",
                "subba": "ZONH",
                "subba-name": "Millwood - NYIS",
                "parent": "NYIS",
                "parent-name": "New York Independent System Operator",
                "value": "262",
                "value-units": "megawatthours"
            },
            {
                "period": "2023-02-16T19",
                "subba": "ZONI",
                "subba-name": "Dunwoodie - NYIS",
                "parent": "NYIS",
                "parent-name": "New York Independent System Operator",
                "value": "599",
                "value-units": "megawatthours"
            },
            {
                "period": "2023-02-16T19",
                "subba": "ZONJ",
                "subba-name": "New York City - NYIS",
                "parent": "NYIS",
                "parent-name": "New York Independent System Operator",
                "value": "5584",
                "value-units": "megawatthours"
            },
            {
                "period": "2023-02-16T19",
                "subba": "ZONK",
                "subba-name": "Long Island - NYIS",
                "parent": "NYIS",
                "parent-name": "New York Independent System Operator",
                "value": "1933",
                "value-units": "megawatthours"
            },
            {
                "period": "2023-02-16T18",
                "subba": "ZONA",
                "subba-name": "West - NYIS",
                "parent": "NYIS",
                "parent-name": "New York Independent System Operator",
                "value": "1755",
                "value-units": "megawatthours"
            },
            {
                "period": "2023-02-16T18",
                "subba": "ZONB",
                "subba-name": "Genesee - NYIS",
                "parent": "NYIS",
                "parent-name": "New York Independent System Operator",
                "value": "1098",
                "value-units": "megawatthours"
            },
            {
                "period": "2023-02-16T18",
                "subba": "ZONC",
                "subba-name": "Central - NYIS",
                "parent": "NYIS",
                "parent-name": "New York Independent System Operator",
                "value": "1770",
                "value-units": "megawatthours"
            },
            {
                "period": "2023-02-16T18",
                "subba": "ZOND",
                "subba-name": "North - NYIS",
                "parent": "NYIS",
                "parent-name": "New York Independent System Operator",
                "value": "700",
                "value-units": "megawatthours"
            },
            {
                "period": "2023-02-16T18",
                "subba": "ZONE",
                "subba-name": "Mohawk Valley - NYIS",
                "parent": "NYIS",
                "parent-name": "New York Independent System Operator",
                "value": "830",
                "value-units": "megawatthours"
            },
            {
                "period": "2023-02-16T18",
                "subba": "ZONF",
                "subba-name": "Capital - NYIS",
                "parent": "NYIS",
                "parent-name": "New York Independent System Operator",
                "value": "1222",
                "value-units": "megawatthours"
            },
            {
                "period": "2023-02-16T18",
                "subba": "ZONG",
                "subba-name": "Hudson Valley - NYIS",
                "parent": "NYIS",
                "parent-name": "New York Independent System Operator",
                "value": "880",
                "value-units": "megawatthours"
            },
            {
                "period": "2023-02-16T18",
                "subba": "ZONH",
                "subba-name": "Millwood - NYIS",
                "parent": "NYIS",
                "parent-name": "New York Independent System Operator",
                "value": "255",
                "value-units": "megawatthours"
            },
            {
                "period": "2023-02-16T18",
                "subba": "ZONI",
                "subba-name": "Dunwoodie - NYIS",
                "parent": "NYIS",
                "parent-name": "New York Independent System Operator",
                "value": "587",
                "value-units": "megawatthours"
            },
            {
                "period": "2023-02-16T18",
                "subba": "ZONJ",
                "subba-name": "New York City - NYIS",
                "parent": "NYIS",
                "parent-name": "New York Independent System Operator",
                "value": "5558",
                "value-units": "megawatthours"
            },
            {
                "period": "2023-02-16T18",
                "subba": "ZONK",
                "subba-name": "Long Island - NYIS",
                "parent": "NYIS",
                "parent-name": "New York Independent System Operator",
                "value": "1801",
                "value-units": "megawatthours"
            },
            {
                "period": "2023-02-16T17",
                "subba": "ZONA",
                "subba-name": "West - NYIS",
                "parent": "NYIS",
                "parent-name": "New York Independent System Operator",
                "value": "1771",
                "value-units": "megawatthours"
            },
            {
                "period": "2023-02-16T17",
                "subba": "ZONB",
                "subba-name": "Genesee - NYIS",
                "parent": "NYIS",
                "parent-name": "New York Independent System Operator",
                "value": "1133",
                "value-units": "megawatthours"
            },
            {
                "period": "2023-02-16T17",
                "subba": "ZONC",
                "subba-name": "Central - NYIS",
                "parent": "NYIS",
                "parent-name": "New York Independent System Operator",
                "value": "1792",
                "value-units": "megawatthours"
            },
            {
                "period": "2023-02-16T17",
                "subba": "ZOND",
                "subba-name": "North - NYIS",
                "parent": "NYIS",
                "parent-name": "New York Independent System Operator",
                "value": "720",
                "value-units": "megawatthours"
            },
            {
                "period": "2023-02-16T17",
                "subba": "ZONE",
                "subba-name": "Mohawk Valley - NYIS",
                "parent": "NYIS",
                "parent-name": "New York Independent System Operator",
                "value": "830",
                "value-units": "megawatthours"
            },
            {
                "period": "2023-02-16T17",
                "subba": "ZONF",
                "subba-name": "Capital - NYIS",
                "parent": "NYIS",
                "parent-name": "New York Independent System Operator",
                "value": "1225",
                "value-units": "megawatthours"
            },
            {
                "period": "2023-02-16T17",
                "subba": "ZONG",
                "subba-name": "Hudson Valley - NYIS",
                "parent": "NYIS",
                "parent-name": "New York Independent System Operator",
                "value": "860",
                "value-units": "megawatthours"
            },
            {
                "period": "2023-02-16T17",
                "subba": "ZONH",
                "subba-name": "Millwood - NYIS",
                "parent": "NYIS",
                "parent-name": "New York Independent System Operator",
                "value": "252",
                "value-units": "megawatthours"
            },
            {
                "period": "2023-02-16T17",
                "subba": "ZONI",
                "subba-name": "Dunwoodie - NYIS",
                "parent": "NYIS",
                "parent-name": "New York Independent System Operator",
                "value": "572",
                "value-units": "megawatthours"
            },
            {
                "period": "2023-02-16T17",
                "subba": "ZONJ",
                "subba-name": "New York City - NYIS",
                "parent": "NYIS",
                "parent-name": "New York Independent System Operator",
                "value": "5504",
                "value-units": "megawatthours"
            },
            {
                "period": "2023-02-16T17",
                "subba": "ZONK",
                "subba-name": "Long Island - NYIS",
                "parent": "NYIS",
                "parent-name": "New York Independent System Operator",
                "value": "1728",
                "value-units": "megawatthours"
            },
            {
                "period": "2023-02-16T16",
                "subba": "ZONA",
                "subba-name": "West - NYIS",
                "parent": "NYIS",
                "parent-name": "New York Independent System Operator",
                "value": "1780",
                "value-units": "megawatthours"
            },
            {
                "period": "2023-02-16T16",
                "subba": "ZONB",
                "subba-name": "Genesee - NYIS",
                "parent": "NYIS",
                "parent-name": "New York Independent System Operator",
                "value": "1152",
                "value-units": "megawatthours"
            },
            {
                "period": "2023-02-16T16",
                "subba": "ZONC",
                "subba-name": "Central - NYIS",
                "parent": "NYIS",
                "parent-name": "New York Independent System Operator",
                "value": "1815",
                "value-units": "megawatthours"
            },
            {
                "period": "2023-02-16T16",
                "subba": "ZOND",
                "subba-name": "North - NYIS",
                "parent": "NYIS",
                "parent-name": "New York Independent System Operator",
                "value": "724",
                "value-units": "megawatthours"
            },
            {
                "period": "2023-02-16T16",
                "subba": "ZONE",
                "subba-name": "Mohawk Valley - NYIS",
                "parent": "NYIS",
                "parent-name": "New York Independent System Operator",
                "value": "841",
                "value-units": "megawatthours"
            },
            {
                "period": "2023-02-16T16",
                "subba": "ZONF",
                "subba-name": "Capital - NYIS",
                "parent": "NYIS",
                "parent-name": "New York Independent System Operator",
                "value": "1231",
                "value-units": "megawatthours"
            },
            {
                "period": "2023-02-16T16",
                "subba": "ZONG",
                "subba-name": "Hudson Valley - NYIS",
                "parent": "NYIS",
                "parent-name": "New York Independent System Operator",
                "value": "861",
                "value-units": "megawatthours"
            },
            {
                "period": "2023-02-16T16",
                "subba": "ZONH",
                "subba-name": "Millwood - NYIS",
                "parent": "NYIS",
                "parent-name": "New York Independent System Operator",
                "value": "253",
                "value-units": "megawatthours"
            },
            {
                "period": "2023-02-16T16",
                "subba": "ZONI",
                "subba-name": "Dunwoodie - NYIS",
                "parent": "NYIS",
                "parent-name": "New York Independent System Operator",
                "value": "569",
                "value-units": "megawatthours"
            },
            {
                "period": "2023-02-16T16",
                "subba": "ZONJ",
                "subba-name": "New York City - NYIS",
                "parent": "NYIS",
                "parent-name": "New York Independent System Operator",
                "value": "5448",
                "value-units": "megawatthours"
            },
            {
                "period": "2023-02-16T16",
                "subba": "ZONK",
                "subba-name": "Long Island - NYIS",
                "parent": "NYIS",
                "parent-name": "New York Independent System Operator",
                "value": "1720",
                "value-units": "megawatthours"
            },
            {
                "period": "2023-02-16T15",
                "subba": "ZONA",
                "subba-name": "West - NYIS",
                "parent": "NYIS",
                "parent-name": "New York Independent System Operator",
                "value": "1775",
                "value-units": "megawatthours"
            },
            {
                "period": "2023-02-16T15",
                "subba": "ZONB",
                "subba-name": "Genesee - NYIS",
                "parent": "NYIS",
                "parent-name": "New York Independent System Operator",
                "value": "1154",
                "value-units": "megawatthours"
            },
            {
                "period": "2023-02-16T15",
                "subba": "ZONC",
                "subba-name": "Central - NYIS",
                "parent": "NYIS",
                "parent-name": "New York Independent System Operator",
                "value": "1819",
                "value-units": "megawatthours"
            },
            {
                "period": "2023-02-16T15",
                "subba": "ZOND",
                "subba-name": "North - NYIS",
                "parent": "NYIS",
                "parent-name": "New York Independent System Operator",
                "value": "731",
                "value-units": "megawatthours"
            },
            {
                "period": "2023-02-16T15",
                "subba": "ZONE",
                "subba-name": "Mohawk Valley - NYIS",
                "parent": "NYIS",
                "parent-name": "New York Independent System Operator",
                "value": "860",
                "value-units": "megawatthours"
            },
            {
                "period": "2023-02-16T15",
                "subba": "ZONF",
                "subba-name": "Capital - NYIS",
                "parent": "NYIS",
                "parent-name": "New York Independent System Operator",
                "value": "1216",
                "value-units": "megawatthours"
            },
            {
                "period": "2023-02-16T15",
                "subba": "ZONG",
                "subba-name": "Hudson Valley - NYIS",
                "parent": "NYIS",
                "parent-name": "New York Independent System Operator",
                "value": "851",
                "value-units": "megawatthours"
            },
            {
                "period": "2023-02-16T15",
                "subba": "ZONH",
                "subba-name": "Millwood - NYIS",
                "parent": "NYIS",
                "parent-name": "New York Independent System Operator",
                "value": "264",
                "value-units": "megawatthours"
            },
            {
                "period": "2023-02-16T15",
                "subba": "ZONI",
                "subba-name": "Dunwoodie - NYIS",
                "parent": "NYIS",
                "parent-name": "New York Independent System Operator",
                "value": "581",
                "value-units": "megawatthours"
            },
            {
                "period": "2023-02-16T15",
                "subba": "ZONJ",
                "subba-name": "New York City - NYIS",
                "parent": "NYIS",
                "parent-name": "New York Independent System Operator",
                "value": "5434",
                "value-units": "megawatthours"
            },
            {
                "period": "2023-02-16T15",
                "subba": "ZONK",
                "subba-name": "Long Island - NYIS",
                "parent": "NYIS",
                "parent-name": "New York Independent System Operator",
                "value": "1822",
                "value-units": "megawatthours"
            },
            {
                "period": "2023-02-16T14",
                "subba": "ZONA",
                "subba-name": "West - NYIS",
                "parent": "NYIS",
                "parent-name": "New York Independent System Operator",
                "value": "1745",
                "value-units": "megawatthours"
            },
            {
                "period": "2023-02-16T14",
                "subba": "ZONB",
                "subba-name": "Genesee - NYIS",
                "parent": "NYIS",
                "parent-name": "New York Independent System Operator",
                "value": "1146",
                "value-units": "megawatthours"
            },
            {
                "period": "2023-02-16T14",
                "subba": "ZONC",
                "subba-name": "Central - NYIS",
                "parent": "NYIS",
                "parent-name": "New York Independent System Operator",
                "value": "1825",
                "value-units": "megawatthours"
            },
            {
                "period": "2023-02-16T14",
                "subba": "ZOND",
                "subba-name": "North - NYIS",
                "parent": "NYIS",
                "parent-name": "New York Independent System Operator",
                "value": "736",
                "value-units": "megawatthours"
            },
            {
                "period": "2023-02-16T14",
                "subba": "ZONE",
                "subba-name": "Mohawk Valley - NYIS",
                "parent": "NYIS",
                "parent-name": "New York Independent System Operator",
                "value": "885",
                "value-units": "megawatthours"
            },
            {
                "period": "2023-02-16T14",
                "subba": "ZONF",
                "subba-name": "Capital - NYIS",
                "parent": "NYIS",
                "parent-name": "New York Independent System Operator",
                "value": "1257",
                "value-units": "megawatthours"
            },
            {
                "period": "2023-02-16T14",
                "subba": "ZONG",
                "subba-name": "Hudson Valley - NYIS",
                "parent": "NYIS",
                "parent-name": "New York Independent System Operator",
                "value": "911",
                "value-units": "megawatthours"
            },
            {
                "period": "2023-02-16T14",
                "subba": "ZONH",
                "subba-name": "Millwood - NYIS",
                "parent": "NYIS",
                "parent-name": "New York Independent System Operator",
                "value": "277",
                "value-units": "megawatthours"
            },
            {
                "period": "2023-02-16T14",
                "subba": "ZONI",
                "subba-name": "Dunwoodie - NYIS",
                "parent": "NYIS",
                "parent-name": "New York Independent System Operator",
                "value": "581",
                "value-units": "megawatthours"
            },
            {
                "period": "2023-02-16T14",
                "subba": "ZONJ",
                "subba-name": "New York City - NYIS",
                "parent": "NYIS",
                "parent-name": "New York Independent System Operator",
                "value": "5311",
                "value-units": "megawatthours"
            },
            {
                "period": "2023-02-16T14",
                "subba": "ZONK",
                "subba-name": "Long Island - NYIS",
                "parent": "NYIS",
                "parent-name": "New York Independent System Operator",
                "value": "1878",
                "value-units": "megawatthours"
            },
            {
                "period": "2023-02-16T13",
                "subba": "ZONA",
                "subba-name": "West - NYIS",
                "parent": "NYIS",
                "parent-name": "New York Independent System Operator",
                "value": "1723",
                "value-units": "megawatthours"
            },
            {
                "period": "2023-02-16T13",
                "subba": "ZONB",
                "subba-name": "Genesee - NYIS",
                "parent": "NYIS",
                "parent-name": "New York Independent System Operator",
                "value": "1128",
                "value-units": "megawatthours"
            },
            {
                "period": "2023-02-16T13",
                "subba": "ZONC",
                "subba-name": "Central - NYIS",
                "parent": "NYIS",
                "parent-name": "New York Independent System Operator",
                "value": "1814",
                "value-units": "megawatthours"
            },
            {
                "period": "2023-02-16T13",
                "subba": "ZOND",
                "subba-name": "North - NYIS",
                "parent": "NYIS",
                "parent-name": "New York Independent System Operator",
                "value": "732",
                "value-units": "megawatthours"
            },
            {
                "period": "2023-02-16T13",
                "subba": "ZONE",
                "subba-name": "Mohawk Valley - NYIS",
                "parent": "NYIS",
                "parent-name": "New York Independent System Operator",
                "value": "902",
                "value-units": "megawatthours"
            },
            {
                "period": "2023-02-16T13",
                "subba": "ZONF",
                "subba-name": "Capital - NYIS",
                "parent": "NYIS",
                "parent-name": "New York Independent System Operator",
                "value": "1293",
                "value-units": "megawatthours"
            },
            {
                "period": "2023-02-16T13",
                "subba": "ZONG",
                "subba-name": "Hudson Valley - NYIS",
                "parent": "NYIS",
                "parent-name": "New York Independent System Operator",
                "value": "958",
                "value-units": "megawatthours"
            },
            {
                "period": "2023-02-16T13",
                "subba": "ZONH",
                "subba-name": "Millwood - NYIS",
                "parent": "NYIS",
                "parent-name": "New York Independent System Operator",
                "value": "283",
                "value-units": "megawatthours"
            },
            {
                "period": "2023-02-16T13",
                "subba": "ZONI",
                "subba-name": "Dunwoodie - NYIS",
                "parent": "NYIS",
                "parent-name": "New York Independent System Operator",
                "value": "582",
                "value-units": "megawatthours"
            },
            {
                "period": "2023-02-16T13",
                "subba": "ZONJ",
                "subba-name": "New York City - NYIS",
                "parent": "NYIS",
                "parent-name": "New York Independent System Operator",
                "value": "5071",
                "value-units": "megawatthours"
            },
            {
                "period": "2023-02-16T13",
                "subba": "ZONK",
                "subba-name": "Long Island - NYIS",
                "parent": "NYIS",
                "parent-name": "New York Independent System Operator",
                "value": "1918",
                "value-units": "megawatthours"
            },
            {
                "period": "2023-02-16T12",
                "subba": "ZONA",
                "subba-name": "West - NYIS",
                "parent": "NYIS",
                "parent-name": "New York Independent System Operator",
                "value": "1638",
                "value-units": "megawatthours"
            },
            {
                "period": "2023-02-16T12",
                "subba": "ZONB",
                "subba-name": "Genesee - NYIS",
                "parent": "NYIS",
                "parent-name": "New York Independent System Operator",
                "value": "1063",
                "value-units": "megawatthours"
            },
            {
                "period": "2023-02-16T12",
                "subba": "ZONC",
                "subba-name": "Central - NYIS",
                "parent": "NYIS",
                "parent-name": "New York Independent System Operator",
                "value": "1712",
                "value-units": "megawatthours"
            },
            {
                "period": "2023-02-16T12",
                "subba": "ZOND",
                "subba-name": "North - NYIS",
                "parent": "NYIS",
                "parent-name": "New York Independent System Operator",
                "value": "707",
                "value-units": "megawatthours"
            },
            {
                "period": "2023-02-16T12",
                "subba": "ZONE",
                "subba-name": "Mohawk Valley - NYIS",
                "parent": "NYIS",
                "parent-name": "New York Independent System Operator",
                "value": "863",
                "value-units": "megawatthours"
            },
            {
                "period": "2023-02-16T12",
                "subba": "ZONF",
                "subba-name": "Capital - NYIS",
                "parent": "NYIS",
                "parent-name": "New York Independent System Operator",
                "value": "1234",
                "value-units": "megawatthours"
            },
            {
                "period": "2023-02-16T12",
                "subba": "ZONG",
                "subba-name": "Hudson Valley - NYIS",
                "parent": "NYIS",
                "parent-name": "New York Independent System Operator",
                "value": "933",
                "value-units": "megawatthours"
            },
            {
                "period": "2023-02-16T12",
                "subba": "ZONH",
                "subba-name": "Millwood - NYIS",
                "parent": "NYIS",
                "parent-name": "New York Independent System Operator",
                "value": "267",
                "value-units": "megawatthours"
            },
            {
                "period": "2023-02-16T12",
                "subba": "ZONI",
                "subba-name": "Dunwoodie - NYIS",
                "parent": "NYIS",
                "parent-name": "New York Independent System Operator",
                "value": "544",
                "value-units": "megawatthours"
            },
            {
                "period": "2023-02-16T12",
                "subba": "ZONJ",
                "subba-name": "New York City - NYIS",
                "parent": "NYIS",
                "parent-name": "New York Independent System Operator",
                "value": "4646",
                "value-units": "megawatthours"
            },
            {
                "period": "2023-02-16T12",
                "subba": "ZONK",
                "subba-name": "Long Island - NYIS",
                "parent": "NYIS",
                "parent-name": "New York Independent System Operator",
                "value": "1847",
                "value-units": "megawatthours"
            },
            {
                "period": "2023-02-16T11",
                "subba": "ZONA",
                "subba-name": "West - NYIS",
                "parent": "NYIS",
                "parent-name": "New York Independent System Operator",
                "value": "1516",
                "value-units": "megawatthours"
            },
            {
                "period": "2023-02-16T11",
                "subba": "ZONB",
                "subba-name": "Genesee - NYIS",
                "parent": "NYIS",
                "parent-name": "New York Independent System Operator",
                "value": "966",
                "value-units": "megawatthours"
            },
            {
                "period": "2023-02-16T11",
                "subba": "ZONC",
                "subba-name": "Central - NYIS",
                "parent": "NYIS",
                "parent-name": "New York Independent System Operator",
                "value": "1519",
                "value-units": "megawatthours"
            },
            {
                "period": "2023-02-16T11",
                "subba": "ZOND",
                "subba-name": "North - NYIS",
                "parent": "NYIS",
                "parent-name": "New York Independent System Operator",
                "value": "682",
                "value-units": "megawatthours"
            },
            {
                "period": "2023-02-16T11",
                "subba": "ZONE",
                "subba-name": "Mohawk Valley - NYIS",
                "parent": "NYIS",
                "parent-name": "New York Independent System Operator",
                "value": "751",
                "value-units": "megawatthours"
            },
            {
                "period": "2023-02-16T11",
                "subba": "ZONF",
                "subba-name": "Capital - NYIS",
                "parent": "NYIS",
                "parent-name": "New York Independent System Operator",
                "value": "1116",
                "value-units": "megawatthours"
            },
            {
                "period": "2023-02-16T11",
                "subba": "ZONG",
                "subba-name": "Hudson Valley - NYIS",
                "parent": "NYIS",
                "parent-name": "New York Independent System Operator",
                "value": "848",
                "value-units": "megawatthours"
            },
            {
                "period": "2023-02-16T11",
                "subba": "ZONH",
                "subba-name": "Millwood - NYIS",
                "parent": "NYIS",
                "parent-name": "New York Independent System Operator",
                "value": "235",
                "value-units": "megawatthours"
            },
            {
                "period": "2023-02-16T11",
                "subba": "ZONI",
                "subba-name": "Dunwoodie - NYIS",
                "parent": "NYIS",
                "parent-name": "New York Independent System Operator",
                "value": "481",
                "value-units": "megawatthours"
            },
            {
                "period": "2023-02-16T11",
                "subba": "ZONJ",
                "subba-name": "New York City - NYIS",
                "parent": "NYIS",
                "parent-name": "New York Independent System Operator",
                "value": "4193",
                "value-units": "megawatthours"
            },
            {
                "period": "2023-02-16T11",
                "subba": "ZONK",
                "subba-name": "Long Island - NYIS",
                "parent": "NYIS",
                "parent-name": "New York Independent System Operator",
                "value": "1679",
                "value-units": "megawatthours"
            },
            {
                "period": "2023-02-16T10",
                "subba": "ZONA",
                "subba-name": "West - NYIS",
                "parent": "NYIS",
                "parent-name": "New York Independent System Operator",
                "value": "1450",
                "value-units": "megawatthours"
            },
            {
                "period": "2023-02-16T10",
                "subba": "ZONB",
                "subba-name": "Genesee - NYIS",
                "parent": "NYIS",
                "parent-name": "New York Independent System Operator",
                "value": "909",
                "value-units": "megawatthours"
            },
            {
                "period": "2023-02-16T10",
                "subba": "ZONC",
                "subba-name": "Central - NYIS",
                "parent": "NYIS",
                "parent-name": "New York Independent System Operator",
                "value": "1423",
                "value-units": "megawatthours"
            },
            {
                "period": "2023-02-16T10",
                "subba": "ZOND",
                "subba-name": "North - NYIS",
                "parent": "NYIS",
                "parent-name": "New York Independent System Operator",
                "value": "666",
                "value-units": "megawatthours"
            },
            {
                "period": "2023-02-16T10",
                "subba": "ZONE",
                "subba-name": "Mohawk Valley - NYIS",
                "parent": "NYIS",
                "parent-name": "New York Independent System Operator",
                "value": "701",
                "value-units": "megawatthours"
            },
            {
                "period": "2023-02-16T10",
                "subba": "ZONF",
                "subba-name": "Capital - NYIS",
                "parent": "NYIS",
                "parent-name": "New York Independent System Operator",
                "value": "1048",
                "value-units": "megawatthours"
            },
            {
                "period": "2023-02-16T10",
                "subba": "ZONG",
                "subba-name": "Hudson Valley - NYIS",
                "parent": "NYIS",
                "parent-name": "New York Independent System Operator",
                "value": "803",
                "value-units": "megawatthours"
            },
            {
                "period": "2023-02-16T10",
                "subba": "ZONH",
                "subba-name": "Millwood - NYIS",
                "parent": "NYIS",
                "parent-name": "New York Independent System Operator",
                "value": "221",
                "value-units": "megawatthours"
            },
            {
                "period": "2023-02-16T10",
                "subba": "ZONI",
                "subba-name": "Dunwoodie - NYIS",
                "parent": "NYIS",
                "parent-name": "New York Independent System Operator",
                "value": "456",
                "value-units": "megawatthours"
            },
            {
                "period": "2023-02-16T10",
                "subba": "ZONJ",
                "subba-name": "New York City - NYIS",
                "parent": "NYIS",
                "parent-name": "New York Independent System Operator",
                "value": "3984",
                "value-units": "megawatthours"
            },
            {
                "period": "2023-02-16T10",
                "subba": "ZONK",
                "subba-name": "Long Island - NYIS",
                "parent": "NYIS",
                "parent-name": "New York Independent System Operator",
                "value": "1566",
                "value-units": "megawatthours"
            },
            {
                "period": "2023-02-16T09",
                "subba": "ZONA",
                "subba-name": "West - NYIS",
                "parent": "NYIS",
                "parent-name": "New York Independent System Operator",
                "value": "1432",
                "value-units": "megawatthours"
            },
            {
                "period": "2023-02-16T09",
                "subba": "ZONB",
                "subba-name": "Genesee - NYIS",
                "parent": "NYIS",
                "parent-name": "New York Independent System Operator",
                "value": "876",
                "value-units": "megawatthours"
            },
            {
                "period": "2023-02-16T09",
                "subba": "ZONC",
                "subba-name": "Central - NYIS",
                "parent": "NYIS",
                "parent-name": "New York Independent System Operator",
                "value": "1368",
                "value-units": "megawatthours"
            },
            {
                "period": "2023-02-16T09",
                "subba": "ZOND",
                "subba-name": "North - NYIS",
                "parent": "NYIS",
                "parent-name": "New York Independent System Operator",
                "value": "653",
                "value-units": "megawatthours"
            },
            {
                "period": "2023-02-16T09",
                "subba": "ZONE",
                "subba-name": "Mohawk Valley - NYIS",
                "parent": "NYIS",
                "parent-name": "New York Independent System Operator",
                "value": "689",
                "value-units": "megawatthours"
            },
            {
                "period": "2023-02-16T09",
                "subba": "ZONF",
                "subba-name": "Capital - NYIS",
                "parent": "NYIS",
                "parent-name": "New York Independent System Operator",
                "value": "1017",
                "value-units": "megawatthours"
            },
            {
                "period": "2023-02-16T09",
                "subba": "ZONG",
                "subba-name": "Hudson Valley - NYIS",
                "parent": "NYIS",
                "parent-name": "New York Independent System Operator",
                "value": "781",
                "value-units": "megawatthours"
            },
            {
                "period": "2023-02-16T09",
                "subba": "ZONH",
                "subba-name": "Millwood - NYIS",
                "parent": "NYIS",
                "parent-name": "New York Independent System Operator",
                "value": "215",
                "value-units": "megawatthours"
            },
            {
                "period": "2023-02-16T09",
                "subba": "ZONI",
                "subba-name": "Dunwoodie - NYIS",
                "parent": "NYIS",
                "parent-name": "New York Independent System Operator",
                "value": "452",
                "value-units": "megawatthours"
            },
            {
                "period": "2023-02-16T09",
                "subba": "ZONJ",
                "subba-name": "New York City - NYIS",
                "parent": "NYIS",
                "parent-name": "New York Independent System Operator",
                "value": "3958",
                "value-units": "megawatthours"
            },
            {
                "period": "2023-02-16T09",
                "subba": "ZONK",
                "subba-name": "Long Island - NYIS",
                "parent": "NYIS",
                "parent-name": "New York Independent System Operator",
                "value": "1537",
                "value-units": "megawatthours"
            },
            {
                "period": "2023-02-16T08",
                "subba": "ZONA",
                "subba-name": "West - NYIS",
                "parent": "NYIS",
                "parent-name": "New York Independent System Operator",
                "value": "1435",
                "value-units": "megawatthours"
            },
            {
                "period": "2023-02-16T08",
                "subba": "ZONB",
                "subba-name": "Genesee - NYIS",
                "parent": "NYIS",
                "parent-name": "New York Independent System Operator",
                "value": "874",
                "value-units": "megawatthours"
            },
            {
                "period": "2023-02-16T08",
                "subba": "ZONC",
                "subba-name": "Central - NYIS",
                "parent": "NYIS",
                "parent-name": "New York Independent System Operator",
                "value": "1350",
                "value-units": "megawatthours"
            },
            {
                "period": "2023-02-16T08",
                "subba": "ZOND",
                "subba-name": "North - NYIS",
                "parent": "NYIS",
                "parent-name": "New York Independent System Operator",
                "value": "649",
                "value-units": "megawatthours"
            },
            {
                "period": "2023-02-16T08",
                "subba": "ZONE",
                "subba-name": "Mohawk Valley - NYIS",
                "parent": "NYIS",
                "parent-name": "New York Independent System Operator",
                "value": "683",
                "value-units": "megawatthours"
            },
            {
                "period": "2023-02-16T08",
                "subba": "ZONF",
                "subba-name": "Capital - NYIS",
                "parent": "NYIS",
                "parent-name": "New York Independent System Operator",
                "value": "1014",
                "value-units": "megawatthours"
            },
            {
                "period": "2023-02-16T08",
                "subba": "ZONG",
                "subba-name": "Hudson Valley - NYIS",
                "parent": "NYIS",
                "parent-name": "New York Independent System Operator",
                "value": "782",
                "value-units": "megawatthours"
            },
            {
                "period": "2023-02-16T08",
                "subba": "ZONH",
                "subba-name": "Millwood - NYIS",
                "parent": "NYIS",
                "parent-name": "New York Independent System Operator",
                "value": "215",
                "value-units": "megawatthours"
            },
            {
                "period": "2023-02-16T08",
                "subba": "ZONI",
                "subba-name": "Dunwoodie - NYIS",
                "parent": "NYIS",
                "parent-name": "New York Independent System Operator",
                "value": "457",
                "value-units": "megawatthours"
            },
            {
                "period": "2023-02-16T08",
                "subba": "ZONJ",
                "subba-name": "New York City - NYIS",
                "parent": "NYIS",
                "parent-name": "New York Independent System Operator",
                "value": "4007",
                "value-units": "megawatthours"
            },
            {
                "period": "2023-02-16T08",
                "subba": "ZONK",
                "subba-name": "Long Island - NYIS",
                "parent": "NYIS",
                "parent-name": "New York Independent System Operator",
                "value": "1552",
                "value-units": "megawatthours"
            },
            {
                "period": "2023-02-16T07",
                "subba": "ZONA",
                "subba-name": "West - NYIS",
                "parent": "NYIS",
                "parent-name": "New York Independent System Operator",
                "value": "1437",
                "value-units": "megawatthours"
            },
            {
                "period": "2023-02-16T07",
                "subba": "ZONB",
                "subba-name": "Genesee - NYIS",
                "parent": "NYIS",
                "parent-name": "New York Independent System Operator",
                "value": "886",
                "value-units": "megawatthours"
            },
            {
                "period": "2023-02-16T07",
                "subba": "ZONC",
                "subba-name": "Central - NYIS",
                "parent": "NYIS",
                "parent-name": "New York Independent System Operator",
                "value": "1367",
                "value-units": "megawatthours"
            },
            {
                "period": "2023-02-16T07",
                "subba": "ZOND",
                "subba-name": "North - NYIS",
                "parent": "NYIS",
                "parent-name": "New York Independent System Operator",
                "value": "652",
                "value-units": "megawatthours"
            },
            {
                "period": "2023-02-16T07",
                "subba": "ZONE",
                "subba-name": "Mohawk Valley - NYIS",
                "parent": "NYIS",
                "parent-name": "New York Independent System Operator",
                "value": "683",
                "value-units": "megawatthours"
            },
            {
                "period": "2023-02-16T07",
                "subba": "ZONF",
                "subba-name": "Capital - NYIS",
                "parent": "NYIS",
                "parent-name": "New York Independent System Operator",
                "value": "1028",
                "value-units": "megawatthours"
            },
            {
                "period": "2023-02-16T07",
                "subba": "ZONG",
                "subba-name": "Hudson Valley - NYIS",
                "parent": "NYIS",
                "parent-name": "New York Independent System Operator",
                "value": "794",
                "value-units": "megawatthours"
            },
            {
                "period": "2023-02-16T07",
                "subba": "ZONH",
                "subba-name": "Millwood - NYIS",
                "parent": "NYIS",
                "parent-name": "New York Independent System Operator",
                "value": "217",
                "value-units": "megawatthours"
            },
            {
                "period": "2023-02-16T07",
                "subba": "ZONI",
                "subba-name": "Dunwoodie - NYIS",
                "parent": "NYIS",
                "parent-name": "New York Independent System Operator",
                "value": "469",
                "value-units": "megawatthours"
            },
            {
                "period": "2023-02-16T07",
                "subba": "ZONJ",
                "subba-name": "New York City - NYIS",
                "parent": "NYIS",
                "parent-name": "New York Independent System Operator",
                "value": "4110",
                "value-units": "megawatthours"
            },
            {
                "period": "2023-02-16T07",
                "subba": "ZONK",
                "subba-name": "Long Island - NYIS",
                "parent": "NYIS",
                "parent-name": "New York Independent System Operator",
                "value": "1591",
                "value-units": "megawatthours"
            },
            {
                "period": "2023-02-16T06",
                "subba": "ZONA",
                "subba-name": "West - NYIS",
                "parent": "NYIS",
                "parent-name": "New York Independent System Operator",
                "value": "1466",
                "value-units": "megawatthours"
            },
            {
                "period": "2023-02-16T06",
                "subba": "ZONB",
                "subba-name": "Genesee - NYIS",
                "parent": "NYIS",
                "parent-name": "New York Independent System Operator",
                "value": "905",
                "value-units": "megawatthours"
            },
            {
                "period": "2023-02-16T06",
                "subba": "ZONC",
                "subba-name": "Central - NYIS",
                "parent": "NYIS",
                "parent-name": "New York Independent System Operator",
                "value": "1380",
                "value-units": "megawatthours"
            },
            {
                "period": "2023-02-16T06",
                "subba": "ZOND",
                "subba-name": "North - NYIS",
                "parent": "NYIS",
                "parent-name": "New York Independent System Operator",
                "value": "652",
                "value-units": "megawatthours"
            },
            {
                "period": "2023-02-16T06",
                "subba": "ZONE",
                "subba-name": "Mohawk Valley - NYIS",
                "parent": "NYIS",
                "parent-name": "New York Independent System Operator",
                "value": "697",
                "value-units": "megawatthours"
            },
            {
                "period": "2023-02-16T06",
                "subba": "ZONF",
                "subba-name": "Capital - NYIS",
                "parent": "NYIS",
                "parent-name": "New York Independent System Operator",
                "value": "1048",
                "value-units": "megawatthours"
            },
            {
                "period": "2023-02-16T06",
                "subba": "ZONG",
                "subba-name": "Hudson Valley - NYIS",
                "parent": "NYIS",
                "parent-name": "New York Independent System Operator",
                "value": "821",
                "value-units": "megawatthours"
            },
            {
                "period": "2023-02-16T06",
                "subba": "ZONH",
                "subba-name": "Millwood - NYIS",
                "parent": "NYIS",
                "parent-name": "New York Independent System Operator",
                "value": "223",
                "value-units": "megawatthours"
            },
            {
                "period": "2023-02-16T06",
                "subba": "ZONI",
                "subba-name": "Dunwoodie - NYIS",
                "parent": "NYIS",
                "parent-name": "New York Independent System Operator",
                "value": "485",
                "value-units": "megawatthours"
            },
            {
                "period": "2023-02-16T06",
                "subba": "ZONJ",
                "subba-name": "New York City - NYIS",
                "parent": "NYIS",
                "parent-name": "New York Independent System Operator",
                "value": "4282",
                "value-units": "megawatthours"
            },
            {
                "period": "2023-02-16T06",
                "subba": "ZONK",
                "subba-name": "Long Island - NYIS",
                "parent": "NYIS",
                "parent-name": "New York Independent System Operator",
                "value": "1658",
                "value-units": "megawatthours"
            },
            {
                "period": "2023-02-16T05",
                "subba": "ZONA",
                "subba-name": "West - NYIS",
                "parent": "NYIS",
                "parent-name": "New York Independent System Operator",
                "value": "1513",
                "value-units": "megawatthours"
            },
            {
                "period": "2023-02-16T05",
                "subba": "ZONB",
                "subba-name": "Genesee - NYIS",
                "parent": "NYIS",
                "parent-name": "New York Independent System Operator",
                "value": "924",
                "value-units": "megawatthours"
            },
            {
                "period": "2023-02-16T05",
                "subba": "ZONC",
                "subba-name": "Central - NYIS",
                "parent": "NYIS",
                "parent-name": "New York Independent System Operator",
                "value": "1420",
                "value-units": "megawatthours"
            },
            {
                "period": "2023-02-16T05",
                "subba": "ZOND",
                "subba-name": "North - NYIS",
                "parent": "NYIS",
                "parent-name": "New York Independent System Operator",
                "value": "653",
                "value-units": "megawatthours"
            },
            {
                "period": "2023-02-16T05",
                "subba": "ZONE",
                "subba-name": "Mohawk Valley - NYIS",
                "parent": "NYIS",
                "parent-name": "New York Independent System Operator",
                "value": "718",
                "value-units": "megawatthours"
            },
            {
                "period": "2023-02-16T05",
                "subba": "ZONF",
                "subba-name": "Capital - NYIS",
                "parent": "NYIS",
                "parent-name": "New York Independent System Operator",
                "value": "1099",
                "value-units": "megawatthours"
            },
            {
                "period": "2023-02-16T05",
                "subba": "ZONG",
                "subba-name": "Hudson Valley - NYIS",
                "parent": "NYIS",
                "parent-name": "New York Independent System Operator",
                "value": "866",
                "value-units": "megawatthours"
            },
            {
                "period": "2023-02-16T05",
                "subba": "ZONH",
                "subba-name": "Millwood - NYIS",
                "parent": "NYIS",
                "parent-name": "New York Independent System Operator",
                "value": "233",
                "value-units": "megawatthours"
            },
            {
                "period": "2023-02-16T05",
                "subba": "ZONI",
                "subba-name": "Dunwoodie - NYIS",
                "parent": "NYIS",
                "parent-name": "New York Independent System Operator",
                "value": "512",
                "value-units": "megawatthours"
            },
            {
                "period": "2023-02-16T05",
                "subba": "ZONJ",
                "subba-name": "New York City - NYIS",
                "parent": "NYIS",
                "parent-name": "New York Independent System Operator",
                "value": "4546",
                "value-units": "megawatthours"
            },
            {
                "period": "2023-02-16T05",
                "subba": "ZONK",
                "subba-name": "Long Island - NYIS",
                "parent": "NYIS",
                "parent-name": "New York Independent System Operator",
                "value": "1767",
                "value-units": "megawatthours"
            },
            {
                "period": "2023-02-16T04",
                "subba": "ZONA",
                "subba-name": "West - NYIS",
                "parent": "NYIS",
                "parent-name": "New York Independent System Operator",
                "value": "1571",
                "value-units": "megawatthours"
            },
            {
                "period": "2023-02-16T04",
                "subba": "ZONB",
                "subba-name": "Genesee - NYIS",
                "parent": "NYIS",
                "parent-name": "New York Independent System Operator",
                "value": "973",
                "value-units": "megawatthours"
            },
            {
                "period": "2023-02-16T04",
                "subba": "ZONC",
                "subba-name": "Central - NYIS",
                "parent": "NYIS",
                "parent-name": "New York Independent System Operator",
                "value": "1487",
                "value-units": "megawatthours"
            },
            {
                "period": "2023-02-16T04",
                "subba": "ZOND",
                "subba-name": "North - NYIS",
                "parent": "NYIS",
                "parent-name": "New York Independent System Operator",
                "value": "655",
                "value-units": "megawatthours"
            },
            {
                "period": "2023-02-16T04",
                "subba": "ZONE",
                "subba-name": "Mohawk Valley - NYIS",
                "parent": "NYIS",
                "parent-name": "New York Independent System Operator",
                "value": "764",
                "value-units": "megawatthours"
            },
            {
                "period": "2023-02-16T04",
                "subba": "ZONF",
                "subba-name": "Capital - NYIS",
                "parent": "NYIS",
                "parent-name": "New York Independent System Operator",
                "value": "1164",
                "value-units": "megawatthours"
            },
            {
                "period": "2023-02-16T04",
                "subba": "ZONG",
                "subba-name": "Hudson Valley - NYIS",
                "parent": "NYIS",
                "parent-name": "New York Independent System Operator",
                "value": "933",
                "value-units": "megawatthours"
            },
            {
                "period": "2023-02-16T04",
                "subba": "ZONH",
                "subba-name": "Millwood - NYIS",
                "parent": "NYIS",
                "parent-name": "New York Independent System Operator",
                "value": "253",
                "value-units": "megawatthours"
            },
            {
                "period": "2023-02-16T04",
                "subba": "ZONI",
                "subba-name": "Dunwoodie - NYIS",
                "parent": "NYIS",
                "parent-name": "New York Independent System Operator",
                "value": "549",
                "value-units": "megawatthours"
            },
            {
                "period": "2023-02-16T04",
                "subba": "ZONJ",
                "subba-name": "New York City - NYIS",
                "parent": "NYIS",
                "parent-name": "New York Independent System Operator",
                "value": "4859",
                "value-units": "megawatthours"
            },
            {
                "period": "2023-02-16T04",
                "subba": "ZONK",
                "subba-name": "Long Island - NYIS",
                "parent": "NYIS",
                "parent-name": "New York Independent System Operator",
                "value": "1914",
                "value-units": "megawatthours"
            },
            {
                "period": "2023-02-16T03",
                "subba": "ZONA",
                "subba-name": "West - NYIS",
                "parent": "NYIS",
                "parent-name": "New York Independent System Operator",
                "value": "1643",
                "value-units": "megawatthours"
            },
            {
                "period": "2023-02-16T03",
                "subba": "ZONB",
                "subba-name": "Genesee - NYIS",
                "parent": "NYIS",
                "parent-name": "New York Independent System Operator",
                "value": "1041",
                "value-units": "megawatthours"
            },
            {
                "period": "2023-02-16T03",
                "subba": "ZONC",
                "subba-name": "Central - NYIS",
                "parent": "NYIS",
                "parent-name": "New York Independent System Operator",
                "value": "1579",
                "value-units": "megawatthours"
            },
            {
                "period": "2023-02-16T03",
                "subba": "ZOND",
                "subba-name": "North - NYIS",
                "parent": "NYIS",
                "parent-name": "New York Independent System Operator",
                "value": "679",
                "value-units": "megawatthours"
            },
            {
                "period": "2023-02-16T03",
                "subba": "ZONE",
                "subba-name": "Mohawk Valley - NYIS",
                "parent": "NYIS",
                "parent-name": "New York Independent System Operator",
                "value": "822",
                "value-units": "megawatthours"
            },
            {
                "period": "2023-02-16T03",
                "subba": "ZONF",
                "subba-name": "Capital - NYIS",
                "parent": "NYIS",
                "parent-name": "New York Independent System Operator",
                "value": "1253",
                "value-units": "megawatthours"
            },
            {
                "period": "2023-02-16T03",
                "subba": "ZONG",
                "subba-name": "Hudson Valley - NYIS",
                "parent": "NYIS",
                "parent-name": "New York Independent System Operator",
                "value": "1008",
                "value-units": "megawatthours"
            },
            {
                "period": "2023-02-16T03",
                "subba": "ZONH",
                "subba-name": "Millwood - NYIS",
                "parent": "NYIS",
                "parent-name": "New York Independent System Operator",
                "value": "270",
                "value-units": "megawatthours"
            },
            {
                "period": "2023-02-16T03",
                "subba": "ZONI",
                "subba-name": "Dunwoodie - NYIS",
                "parent": "NYIS",
                "parent-name": "New York Independent System Operator",
                "value": "585",
                "value-units": "megawatthours"
            },
            {
                "period": "2023-02-16T03",
                "subba": "ZONJ",
                "subba-name": "New York City - NYIS",
                "parent": "NYIS",
                "parent-name": "New York Independent System Operator",
                "value": "5161",
                "value-units": "megawatthours"
            },
            {
                "period": "2023-02-16T03",
                "subba": "ZONK",
                "subba-name": "Long Island - NYIS",
                "parent": "NYIS",
                "parent-name": "New York Independent System Operator",
                "value": "2076",
                "value-units": "megawatthours"
            },
            {
                "period": "2023-02-16T02",
                "subba": "ZONA",
                "subba-name": "West - NYIS",
                "parent": "NYIS",
                "parent-name": "New York Independent System Operator",
                "value": "1698",
                "value-units": "megawatthours"
            },
            {
                "period": "2023-02-16T02",
                "subba": "ZONB",
                "subba-name": "Genesee - NYIS",
                "parent": "NYIS",
                "parent-name": "New York Independent System Operator",
                "value": "1095",
                "value-units": "megawatthours"
            },
            {
                "period": "2023-02-16T02",
                "subba": "ZONC",
                "subba-name": "Central - NYIS",
                "parent": "NYIS",
                "parent-name": "New York Independent System Operator",
                "value": "1658",
                "value-units": "megawatthours"
            },
            {
                "period": "2023-02-16T02",
                "subba": "ZOND",
                "subba-name": "North - NYIS",
                "parent": "NYIS",
                "parent-name": "New York Independent System Operator",
                "value": "692",
                "value-units": "megawatthours"
            },
            {
                "period": "2023-02-16T02",
                "subba": "ZONE",
                "subba-name": "Mohawk Valley - NYIS",
                "parent": "NYIS",
                "parent-name": "New York Independent System Operator",
                "value": "870",
                "value-units": "megawatthours"
            },
            {
                "period": "2023-02-16T02",
                "subba": "ZONF",
                "subba-name": "Capital - NYIS",
                "parent": "NYIS",
                "parent-name": "New York Independent System Operator",
                "value": "1327",
                "value-units": "megawatthours"
            },
            {
                "period": "2023-02-16T02",
                "subba": "ZONG",
                "subba-name": "Hudson Valley - NYIS",
                "parent": "NYIS",
                "parent-name": "New York Independent System Operator",
                "value": "1056",
                "value-units": "megawatthours"
            },
            {
                "period": "2023-02-16T02",
                "subba": "ZONH",
                "subba-name": "Millwood - NYIS",
                "parent": "NYIS",
                "parent-name": "New York Independent System Operator",
                "value": "296",
                "value-units": "megawatthours"
            },
            {
                "period": "2023-02-16T02",
                "subba": "ZONI",
                "subba-name": "Dunwoodie - NYIS",
                "parent": "NYIS",
                "parent-name": "New York Independent System Operator",
                "value": "614",
                "value-units": "megawatthours"
            },
            {
                "period": "2023-02-16T02",
                "subba": "ZONJ",
                "subba-name": "New York City - NYIS",
                "parent": "NYIS",
                "parent-name": "New York Independent System Operator",
                "value": "5386",
                "value-units": "megawatthours"
            },
            {
                "period": "2023-02-16T02",
                "subba": "ZONK",
                "subba-name": "Long Island - NYIS",
                "parent": "NYIS",
                "parent-name": "New York Independent System Operator",
                "value": "2210",
                "value-units": "megawatthours"
            },
            {
                "period": "2023-02-16T01",
                "subba": "ZONA",
                "subba-name": "West - NYIS",
                "parent": "NYIS",
                "parent-name": "New York Independent System Operator",
                "value": "1727",
                "value-units": "megawatthours"
            },
            {
                "period": "2023-02-16T01",
                "subba": "ZONB",
                "subba-name": "Genesee - NYIS",
                "parent": "NYIS",
                "parent-name": "New York Independent System Operator",
                "value": "1132",
                "value-units": "megawatthours"
            },
            {
                "period": "2023-02-16T01",
                "subba": "ZONC",
                "subba-name": "Central - NYIS",
                "parent": "NYIS",
                "parent-name": "New York Independent System Operator",
                "value": "1709",
                "value-units": "megawatthours"
            },
            {
                "period": "2023-02-16T01",
                "subba": "ZOND",
                "subba-name": "North - NYIS",
                "parent": "NYIS",
                "parent-name": "New York Independent System Operator",
                "value": "711",
                "value-units": "megawatthours"
            },
            {
                "period": "2023-02-16T01",
                "subba": "ZONE",
                "subba-name": "Mohawk Valley - NYIS",
                "parent": "NYIS",
                "parent-name": "New York Independent System Operator",
                "value": "904",
                "value-units": "megawatthours"
            },
            {
                "period": "2023-02-16T01",
                "subba": "ZONF",
                "subba-name": "Capital - NYIS",
                "parent": "NYIS",
                "parent-name": "New York Independent System Operator",
                "value": "1375",
                "value-units": "megawatthours"
            },
            {
                "period": "2023-02-16T01",
                "subba": "ZONG",
                "subba-name": "Hudson Valley - NYIS",
                "parent": "NYIS",
                "parent-name": "New York Independent System Operator",
                "value": "1092",
                "value-units": "megawatthours"
            },
            {
                "period": "2023-02-16T01",
                "subba": "ZONH",
                "subba-name": "Millwood - NYIS",
                "parent": "NYIS",
                "parent-name": "New York Independent System Operator",
                "value": "310",
                "value-units": "megawatthours"
            },
            {
                "period": "2023-02-16T01",
                "subba": "ZONI",
                "subba-name": "Dunwoodie - NYIS",
                "parent": "NYIS",
                "parent-name": "New York Independent System Operator",
                "value": "641",
                "value-units": "megawatthours"
            },
            {
                "period": "2023-02-16T01",
                "subba": "ZONJ",
                "subba-name": "New York City - NYIS",
                "parent": "NYIS",
                "parent-name": "New York Independent System Operator",
                "value": "5576",
                "value-units": "megawatthours"
            },
            {
                "period": "2023-02-16T01",
                "subba": "ZONK",
                "subba-name": "Long Island - NYIS",
                "parent": "NYIS",
                "parent-name": "New York Independent System Operator",
                "value": "2292",
                "value-units": "megawatthours"
            },
            {
                "period": "2023-02-16T00",
                "subba": "ZONA",
                "subba-name": "West - NYIS",
                "parent": "NYIS",
                "parent-name": "New York Independent System Operator",
                "value": "1740",
                "value-units": "megawatthours"
            },
            {
                "period": "2023-02-16T00",
                "subba": "ZONB",
                "subba-name": "Genesee - NYIS",
                "parent": "NYIS",
                "parent-name": "New York Independent System Operator",
                "value": "1149",
                "value-units": "megawatthours"
            },
            {
                "period": "2023-02-16T00",
                "subba": "ZONC",
                "subba-name": "Central - NYIS",
                "parent": "NYIS",
                "parent-name": "New York Independent System Operator",
                "value": "1727",
                "value-units": "megawatthours"
            },
            {
                "period": "2023-02-16T00",
                "subba": "ZOND",
                "subba-name": "North - NYIS",
                "parent": "NYIS",
                "parent-name": "New York Independent System Operator",
                "value": "718",
                "value-units": "megawatthours"
            },
            {
                "period": "2023-02-16T00",
                "subba": "ZONE",
                "subba-name": "Mohawk Valley - NYIS",
                "parent": "NYIS",
                "parent-name": "New York Independent System Operator",
                "value": "908",
                "value-units": "megawatthours"
            },
            {
                "period": "2023-02-16T00",
                "subba": "ZONF",
                "subba-name": "Capital - NYIS",
                "parent": "NYIS",
                "parent-name": "New York Independent System Operator",
                "value": "1403",
                "value-units": "megawatthours"
            },
            {
                "period": "2023-02-16T00",
                "subba": "ZONG",
                "subba-name": "Hudson Valley - NYIS",
                "parent": "NYIS",
                "parent-name": "New York Independent System Operator",
                "value": "1111",
                "value-units": "megawatthours"
            },
            {
                "period": "2023-02-16T00",
                "subba": "ZONH",
                "subba-name": "Millwood - NYIS",
                "parent": "NYIS",
                "parent-name": "New York Independent System Operator",
                "value": "316",
                "value-units": "megawatthours"
            },
            {
                "period": "2023-02-16T00",
                "subba": "ZONI",
                "subba-name": "Dunwoodie - NYIS",
                "parent": "NYIS",
                "parent-name": "New York Independent System Operator",
                "value": "656",
                "value-units": "megawatthours"
            },
            {
                "period": "2023-02-16T00",
                "subba": "ZONJ",
                "subba-name": "New York City - NYIS",
                "parent": "NYIS",
                "parent-name": "New York Independent System Operator",
                "value": "5726",
                "value-units": "megawatthours"
            },
            {
                "period": "2023-02-16T00",
                "subba": "ZONK",
                "subba-name": "Long Island - NYIS",
                "parent": "NYIS",
                "parent-name": "New York Independent System Operator",
                "value": "2347",
                "value-units": "megawatthours"
            }
        ],
        "description": "Hourly demand by balancing authority subregion.  \n    Source: Form EIA-930\n    Product: Hourly Electric Grid Monitor"
    },
    "request": {
        "command": "/v2/electricity/rto/region-sub-ba-data/data/",
        "params": {
            "frequency": "hourly",
            "data": [
                "value"
            ],
            "sort": [
                {
                    "column": "period",
                    "direction": "desc"
                }
            ],
            "facets": {
                "parent": [
                    "NYIS"
                ]
            },
            "offset": "0",
            "length": "5000",
            "start": "2023-02-16",
            "end": "2023-02-17",
            "api_key": "dqRq8VpXSoyUrCbrPhuYFxGl6Rul9kmVcRshZ98c"
        }
    },
    "apiVersion": "2.1.8",
    "ExcelAddInVersion": "2.1.0"
}