{
    "response": {
        "total": "275",
        "dateFormat": "YYYY-MM-DD\"T\"HH24",
        "frequency": "hourly",
        "data": [
            {
                "period": "2022-05-31T00",
                "subba": "ZONA",
                "subba-name": "West - NYIS",
                "parent": "NYIS",
                "parent-name": "New York Independent System Operator",
                "value": "1931",
                "value-units": "megawatthours"
            },
            {
                "period": "2022-05-31T00",
                "subba": "ZONB",
                "subba-name": "Genesee - NYIS",
                "parent": "NYIS",
                "parent-name": "New York Independent System Operator",
                "value": "1395",
                "value-units": "megawatthours"
            },
            {
                "period": "2022-05-31T00",
                "subba": "ZONC",
                "subba-name": "Central - NYIS",
                "parent": "NYIS",
                "parent-name": "New York Independent System Operator",
                "value": "2140",
                "value-units": "megawatthours"
            },
            {
                "period": "2022-05-31T00",
                "subba": "ZOND",
                "subba-name": "North - NYIS",
                "parent": "NYIS",
                "parent-name": "New York Independent System Operator",
                "value": "651",
                "value-units": "megawatthours"
            },
            {
                "period": "2022-05-31T00",
                "subba": "ZONE",
                "subba-name": "Mohawk Valley - NYIS",
                "parent": "NYIS",
                "parent-name": "New York Independent System Operator",
                "value": "952",
                "value-units": "megawatthours"
            },
            {
                "period": "2022-05-31T00",
                "subba": "ZONF",
                "subba-name": "Capital - NYIS",
                "parent": "NYIS",
                "parent-name": "New York Independent System Operator",
                "value": "1807",
                "value-units": "megawatthours"
            },
            {
                "period": "2022-05-31T00",
                "subba": "ZONG",
                "subba-name": "Hudson Valley - NYIS",
                "parent": "NYIS",
                "parent-name": "New York Independent System Operator",
                "value": "1565",
                "value-units": "megawatthours"
            },
            {
                "period": "2022-05-31T00",
                "subba": "ZONH",
                "subba-name": "Millwood - NYIS",
                "parent": "NYIS",
                "parent-name": "New York Independent System Operator",
                "value": "463",
                "value-units": "megawatthours"
            },
            {
                "period": "2022-05-31T00",
                "subba": "ZONI",
                "subba-name": "Dunwoodie - NYIS",
                "parent": "NYIS",
                "parent-name": "New York Independent System Operator",
                "value": "832",
                "value-units": "megawatthours"
            },
            {
                "period": "2022-05-31T00",
                "subba": "ZONJ",
                "subba-name": "New York City - NYIS",
                "parent": "NYIS",
                "parent-name": "New York Independent System Operator",
                "value": "6490",
                "value-units": "megawatthours"
            },
            {
                "period": "2022-05-31T00",
                "subba": "ZONK",
                "subba-name": "Long Island - NYIS",
                "parent": "NYIS",
                "parent-name": "New York Independent System Operator",
                "value": "3013",
                "value-units": "megawatthours"
            },
            {
                "period": "2022-05-30T23",
                "subba": "ZONA",
                "subba-name": "West - NYIS",
                "parent": "NYIS",
                "parent-name": "New York Independent System Operator",
                "value": "1951",
                "value-units": "megawatthours"
            },
            {
                "period": "2022-05-30T23",
                "subba": "ZONB",
                "subba-name": "Genesee - NYIS",
                "parent": "NYIS",
                "parent-name": "New York Independent System Operator",
                "value": "1402",
                "value-units": "megawatthours"
            },
            {
                "period": "2022-05-30T23",
                "subba": "ZONC",
                "subba-name": "Central - NYIS",
                "parent": "NYIS",
                "parent-name": "New York Independent System Operator",
                "value": "2119",
                "value-units": "megawatthours"
            },
            {
                "period": "2022-05-30T23",
                "subba": "ZOND",
                "subba-name": "North - NYIS",
                "parent": "NYIS",
                "parent-name": "New York Independent System Operator",
                "value": "649",
                "value-units": "megawatthours"
            },
            {
                "period": "2022-05-30T23",
                "subba": "ZONE",
                "subba-name": "Mohawk Valley - NYIS",
                "parent": "NYIS",
                "parent-name": "New York Independent System Operator",
                "value": "924",
                "value-units": "megawatthours"
            },
            {
                "period": "2022-05-30T23",
                "subba": "ZONF",
                "subba-name": "Capital - NYIS",
                "parent": "NYIS",
                "parent-name": "New York Independent System Operator",
                "value": "1787",
                "value-units": "megawatthours"
            },
            {
                "period": "2022-05-30T23",
                "subba": "ZONG",
                "subba-name": "Hudson Valley - NYIS",
                "parent": "NYIS",
                "parent-name": "New York Independent System Operator",
                "value": "1587",
                "value-units": "megawatthours"
            },
            {
                "period": "2022-05-30T23",
                "subba": "ZONH",
                "subba-name": "Millwood - NYIS",
                "parent": "NYIS",
                "parent-name": "New York Independent System Operator",
                "value": "489",
                "value-units": "megawatthours"
            },
            {
                "period": "2022-05-30T23",
                "subba": "ZONI",
                "subba-name": "Dunwoodie - NYIS",
                "parent": "NYIS",
                "parent-name": "New York Independent System Operator",
                "value": "851",
                "value-units": "megawatthours"
            },
            {
                "period": "2022-05-30T23",
                "subba": "ZONJ",
                "subba-name": "New York City - NYIS",
                "parent": "NYIS",
                "parent-name": "New York Independent System Operator",
                "value": "6580",
                "value-units": "megawatthours"
            },
            {
                "period": "2022-05-30T23",
                "subba": "ZONK",
                "subba-name": "Long Island - NYIS",
                "parent": "NYIS",
                "parent-name": "New York Independent System Operator",
                "value": "3152",
                "value-units": "megawatthours"
            },
            {
                "period": "2022-05-30T22",
                "subba": "ZONA",
                "subba-name": "West - NYIS",
                "parent": "NYIS",
                "parent-name": "New York Independent System Operator",
                "value": "1936",
                "value-units": "megawatthours"
            },
            {
                "period": "2022-05-30T22",
                "subba": "ZONB",
                "subba-name": "Genesee - NYIS",
                "parent": "NYIS",
                "parent-name": "New York Independent System Operator",
                "value": "1368",
                "value-units": "megawatthours"
            },
            {
                "period": "2022-05-30T22",
                "subba": "ZONC",
                "subba-name": "Central - NYIS",
                "parent": "NYIS",
                "parent-name": "New York Independent System Operator",
                "value": "2022",
                "value-units": "megawatthours"
            },
            {
                "period": "2022-05-30T22",
                "subba": "ZOND",
                "subba-name": "North - NYIS",
                "parent": "NYIS",
                "parent-name": "New York Independent System Operator",
                "value": "643",
                "value-units": "megawatthours"
            },
            {
                "period": "2022-05-30T22",
                "subba": "ZONE",
                "subba-name": "Mohawk Valley - NYIS",
                "parent": "NYIS",
                "parent-name": "New York Independent System Operator",
                "value": "864",
                "value-units": "megawatthours"
            },
            {
                "period": "2022-05-30T22",
                "subba": "ZONF",
                "subba-name": "Capital - NYIS",
                "parent": "NYIS",
                "parent-name": "New York Independent System Operator",
                "value": "1700",
                "value-units": "megawatthours"
            },
            {
                "period": "2022-05-30T22",
                "subba": "ZONG",
                "subba-name": "Hudson Valley - NYIS",
                "parent": "NYIS",
                "parent-name": "New York Independent System Operator",
                "value": "1523",
                "value-units": "megawatthours"
            },
            {
                "period": "2022-05-30T22",
                "subba": "ZONH",
                "subba-name": "Millwood - NYIS",
                "parent": "NYIS",
                "parent-name": "New York Independent System Operator",
                "value": "511",
                "value-units": "megawatthours"
            },
            {
                "period": "2022-05-30T22",
                "subba": "ZONI",
                "subba-name": "Dunwoodie - NYIS",
                "parent": "NYIS",
                "parent-name": "New York Independent System Operator",
                "value": "855",
                "value-units": "megawatthours"
            },
            {
                "period": "2022-05-30T22",
                "subba": "ZONJ",
                "subba-name": "New York City - NYIS",
                "parent": "NYIS",
                "parent-name": "New York Independent System Operator",
                "value": "6612",
                "value-units": "megawatthours"
            },
            {
                "period": "2022-05-30T22",
                "subba": "ZONK",
                "subba-name": "Long Island - NYIS",
                "parent": "NYIS",
                "parent-name": "New York Independent System Operator",
                "value": "3171",
                "value-units": "megawatthours"
            },
            {
                "period": "2022-05-30T21",
                "subba": "ZONA",
                "subba-name": "West - NYIS",
                "parent": "NYIS",
                "parent-name": "New York Independent System Operator",
                "value": "1891",
                "value-units": "megawatthours"
            },
            {
                "period": "2022-05-30T21",
                "subba": "ZONB",
                "subba-name": "Genesee - NYIS",
                "parent": "NYIS",
                "parent-name": "New York Independent System Operator",
                "value": "1303",
                "value-units": "megawatthours"
            },
            {
                "period": "2022-05-30T21",
                "subba": "ZONC",
                "subba-name": "Central - NYIS",
                "parent": "NYIS",
                "parent-name": "New York Independent System Operator",
                "value": "1879",
                "value-units": "megawatthours"
            },
            {
                "period": "2022-05-30T21",
                "subba": "ZOND",
                "subba-name": "North - NYIS",
                "parent": "NYIS",
                "parent-name": "New York Independent System Operator",
                "value": "630",
                "value-units": "megawatthours"
            },
            {
                "period": "2022-05-30T21",
                "subba": "ZONE",
                "subba-name": "Mohawk Valley - NYIS",
                "parent": "NYIS",
                "parent-name": "New York Independent System Operator",
                "value": "820",
                "value-units": "megawatthours"
            },
            {
                "period": "2022-05-30T21",
                "subba": "ZONF",
                "subba-name": "Capital - NYIS",
                "parent": "NYIS",
                "parent-name": "New York Independent System Operator",
                "value": "1572",
                "value-units": "megawatthours"
            },
            {
                "period": "2022-05-30T21",
                "subba": "ZONG",
                "subba-name": "Hudson Valley - NYIS",
                "parent": "NYIS",
                "parent-name": "New York Independent System Operator",
                "value": "1405",
                "value-units": "megawatthours"
            },
            {
                "period": "2022-05-30T21",
                "subba": "ZONH",
                "subba-name": "Millwood - NYIS",
                "parent": "NYIS",
                "parent-name": "New York Independent System Operator",
                "value": "492",
                "value-units": "megawatthours"
            },
            {
                "period": "2022-05-30T21",
                "subba": "ZONI",
                "subba-name": "Dunwoodie - NYIS",
                "parent": "NYIS",
                "parent-name": "New York Independent System Operator",
                "value": "833",
                "value-units": "megawatthours"
            },
            {
                "period": "2022-05-30T21",
                "subba": "ZONJ",
                "subba-name": "New York City - NYIS",
                "parent": "NYIS",
                "parent-name": "New York Independent System Operator",
                "value": "6555",
                "value-units": "megawatthours"
            },
            {
                "period": "2022-05-30T21",
                "subba": "ZONK",
                "subba-name": "Long Island - NYIS",
                "parent": "NYIS",
                "parent-name": "New York Independent System Operator",
                "value": "3086",
                "value-units": "megawatthours"
            },
            {
                "period": "2022-05-30T20",
                "subba": "ZONA",
                "subba-name": "West - NYIS",
                "parent": "NYIS",
                "parent-name": "New York Independent System Operator",
                "value": "1830",
                "value-units": "megawatthours"
            },
            {
                "period": "2022-05-30T20",
                "subba": "ZONB",
                "subba-name": "Genesee - NYIS",
                "parent": "NYIS",
                "parent-name": "New York Independent System Operator",
                "value": "1242",
                "value-units": "megawatthours"
            },
            {
                "period": "2022-05-30T20",
                "subba": "ZONC",
                "subba-name": "Central - NYIS",
                "parent": "NYIS",
                "parent-name": "New York Independent System Operator",
                "value": "1762",
                "value-units": "megawatthours"
            },
            {
                "period": "2022-05-30T20",
                "subba": "ZOND",
                "subba-name": "North - NYIS",
                "parent": "NYIS",
                "parent-name": "New York Independent System Operator",
                "value": "625",
                "value-units": "megawatthours"
            },
            {
                "period": "2022-05-30T20",
                "subba": "ZONE",
                "subba-name": "Mohawk Valley - NYIS",
                "parent": "NYIS",
                "parent-name": "New York Independent System Operator",
                "value": "764",
                "value-units": "megawatthours"
            },
            {
                "period": "2022-05-30T20",
                "subba": "ZONF",
                "subba-name": "Capital - NYIS",
                "parent": "NYIS",
                "parent-name": "New York Independent System Operator",
                "value": "1450",
                "value-units": "megawatthours"
            },
            {
                "period": "2022-05-30T20",
                "subba": "ZONG",
                "subba-name": "Hudson Valley - NYIS",
                "parent": "NYIS",
                "parent-name": "New York Independent System Operator",
                "value": "1292",
                "value-units": "megawatthours"
            },
            {
                "period": "2022-05-30T20",
                "subba": "ZONH",
                "subba-name": "Millwood - NYIS",
                "parent": "NYIS",
                "parent-name": "New York Independent System Operator",
                "value": "469",
                "value-units": "megawatthours"
            },
            {
                "period": "2022-05-30T20",
                "subba": "ZONI",
                "subba-name": "Dunwoodie - NYIS",
                "parent": "NYIS",
                "parent-name": "New York Independent System Operator",
                "value": "803",
                "value-units": "megawatthours"
            },
            {
                "period": "2022-05-30T20",
                "subba": "ZONJ",
                "subba-name": "New York City - NYIS",
                "parent": "NYIS",
                "parent-name": "New York Independent System Operator",
                "value": "6453",
                "value-units": "megawatthours"
            },
            {
                "period": "2022-05-30T20",
                "subba": "ZONK",
                "subba-name": "Long Island - NYIS",
                "parent": "NYIS",
                "parent-name": "New York Independent System Operator",
                "value": "2971",
                "value-units": "megawatthours"
            },
            {
                "period": "2022-05-30T19",
                "subba": "ZONA",
                "subba-name": "West - NYIS",
                "parent": "NYIS",
                "parent-name": "New York Independent System Operator",
                "value": "1784",
                "value-units": "megawatthours"
            },
            {
                "period": "2022-05-30T19",
                "subba": "ZONB",
                "subba-name": "Genesee - NYIS",
                "parent": "NYIS",
                "parent-name": "New York Independent System Operator",
                "value": "1190",
                "value-units": "megawatthours"
            },
            {
                "period": "2022-05-30T19",
                "subba": "ZONC",
                "subba-name": "Central - NYIS",
                "parent": "NYIS",
                "parent-name": "New York Independent System Operator",
                "value": "1682",
                "value-units": "megawatthours"
            },
            {
                "period": "2022-05-30T19",
                "subba": "ZOND",
                "subba-name": "North - NYIS",
                "parent": "NYIS",
                "parent-name": "New York Independent System Operator",
                "value": "619",
                "value-units": "megawatthours"
            },
            {
                "period": "2022-05-30T19",
                "subba": "ZONE",
                "subba-name": "Mohawk Valley - NYIS",
                "parent": "NYIS",
                "parent-name": "New York Independent System Operator",
                "value": "725",
                "value-units": "megawatthours"
            },
            {
                "period": "2022-05-30T19",
                "subba": "ZONF",
                "subba-name": "Capital - NYIS",
                "parent": "NYIS",
                "parent-name": "New York Independent System Operator",
                "value": "1369",
                "value-units": "megawatthours"
            },
            {
                "period": "2022-05-30T19",
                "subba": "ZONG",
                "subba-name": "Hudson Valley - NYIS",
                "parent": "NYIS",
                "parent-name": "New York Independent System Operator",
                "value": "1201",
                "value-units": "megawatthours"
            },
            {
                "period": "2022-05-30T19",
                "subba": "ZONH",
                "subba-name": "Millwood - NYIS",
                "parent": "NYIS",
                "parent-name": "New York Independent System Operator",
                "value": "441",
                "value-units": "megawatthours"
            },
            {
                "period": "2022-05-30T19",
                "subba": "ZONI",
                "subba-name": "Dunwoodie - NYIS",
                "parent": "NYIS",
                "parent-name": "New York Independent System Operator",
                "value": "774",
                "value-units": "megawatthours"
            },
            {
                "period": "2022-05-30T19",
                "subba": "ZONJ",
                "subba-name": "New York City - NYIS",
                "parent": "NYIS",
                "parent-name": "New York Independent System Operator",
                "value": "6344",
                "value-units": "megawatthours"
            },
            {
                "period": "2022-05-30T19",
                "subba": "ZONK",
                "subba-name": "Long Island - NYIS",
                "parent": "NYIS",
                "parent-name": "New York Independent System Operator",
                "value": "2885",
                "value-units": "megawatthours"
            },
            {
                "period": "2022-05-30T18",
                "subba": "ZONA",
                "subba-name": "West - NYIS",
                "parent": "NYIS",
                "parent-name": "New York Independent System Operator",
                "value": "1724",
                "value-units": "megawatthours"
            },
            {
                "period": "2022-05-30T18",
                "subba": "ZONB",
                "subba-name": "Genesee - NYIS",
                "parent": "NYIS",
                "parent-name": "New York Independent System Operator",
                "value": "1144",
                "value-units": "megawatthours"
            },
            {
                "period": "2022-05-30T18",
                "subba": "ZONC",
                "subba-name": "Central - NYIS",
                "parent": "NYIS",
                "parent-name": "New York Independent System Operator",
                "value": "1622",
                "value-units": "megawatthours"
            },
            {
                "period": "2022-05-30T18",
                "subba": "ZOND",
                "subba-name": "North - NYIS",
                "parent": "NYIS",
                "parent-name": "New York Independent System Operator",
                "value": "620",
                "value-units": "megawatthours"
            },
            {
                "period": "2022-05-30T18",
                "subba": "ZONE",
                "subba-name": "Mohawk Valley - NYIS",
                "parent": "NYIS",
                "parent-name": "New York Independent System Operator",
                "value": "698",
                "value-units": "megawatthours"
            },
            {
                "period": "2022-05-30T18",
                "subba": "ZONF",
                "subba-name": "Capital - NYIS",
                "parent": "NYIS",
                "parent-name": "New York Independent System Operator",
                "value": "1314",
                "value-units": "megawatthours"
            },
            {
                "period": "2022-05-30T18",
                "subba": "ZONG",
                "subba-name": "Hudson Valley - NYIS",
                "parent": "NYIS",
                "parent-name": "New York Independent System Operator",
                "value": "1126",
                "value-units": "megawatthours"
            },
            {
                "period": "2022-05-30T18",
                "subba": "ZONH",
                "subba-name": "Millwood - NYIS",
                "parent": "NYIS",
                "parent-name": "New York Independent System Operator",
                "value": "421",
                "value-units": "megawatthours"
            },
            {
                "period": "2022-05-30T18",
                "subba": "ZONI",
                "subba-name": "Dunwoodie - NYIS",
                "parent": "NYIS",
                "parent-name": "New York Independent System Operator",
                "value": "738",
                "value-units": "megawatthours"
            },
            {
                "period": "2022-05-30T18",
                "subba": "ZONJ",
                "subba-name": "New York City - NYIS",
                "parent": "NYIS",
                "parent-name": "New York Independent System Operator",
                "value": "6188",
                "value-units": "megawatthours"
            },
            {
                "period": "2022-05-30T18",
                "subba": "ZONK",
                "subba-name": "Long Island - NYIS",
                "parent": "NYIS",
                "parent-name": "New York Independent System Operator",
                "value": "2746",
                "value-units": "megawatthours"
            },
            {
                "period": "2022-05-30T17",
                "subba": "ZONA",
                "subba-name": "West - NYIS",
                "parent": "NYIS",
                "parent-name": "New York Independent System Operator",
                "value": "1678",
                "value-units": "megawatthours"
            },
            {
                "period": "2022-05-30T17",
                "subba": "ZONB",
                "subba-name": "Genesee - NYIS",
                "parent": "NYIS",
                "parent-name": "New York Independent System Operator",
                "value": "1090",
                "value-units": "megawatthours"
            },
            {
                "period": "2022-05-30T17",
                "subba": "ZONC",
                "subba-name": "Central - NYIS",
                "parent": "NYIS",
                "parent-name": "New York Independent System Operator",
                "value": "1546",
                "value-units": "megawatthours"
            },
            {
                "period": "2022-05-30T17",
                "subba": "ZOND",
                "subba-name": "North - NYIS",
                "parent": "NYIS",
                "parent-name": "New York Independent System Operator",
                "value": "623",
                "value-units": "megawatthours"
            },
            {
                "period": "2022-05-30T17",
                "subba": "ZONE",
                "subba-name": "Mohawk Valley - NYIS",
                "parent": "NYIS",
                "parent-name": "New York Independent System Operator",
                "value": "685",
                "value-units": "megawatthours"
            },
            {
                "period": "2022-05-30T17",
                "subba": "ZONF",
                "subba-name": "Capital - NYIS",
                "parent": "NYIS",
                "parent-name": "New York Independent System Operator",
                "value": "1275",
                "value-units": "megawatthours"
            },
            {
                "period": "2022-05-30T17",
                "subba": "ZONG",
                "subba-name": "Hudson Valley - NYIS",
                "parent": "NYIS",
                "parent-name": "New York Independent System Operator",
                "value": "1085",
                "value-units": "megawatthours"
            },
            {
                "period": "2022-05-30T17",
                "subba": "ZONH",
                "subba-name": "Millwood - NYIS",
                "parent": "NYIS",
                "parent-name": "New York Independent System Operator",
                "value": "402",
                "value-units": "megawatthours"
            },
            {
                "period": "2022-05-30T17",
                "subba": "ZONI",
                "subba-name": "Dunwoodie - NYIS",
                "parent": "NYIS",
                "parent-name": "New York Independent System Operator",
                "value": "699",
                "value-units": "megawatthours"
            },
            {
                "period": "2022-05-30T17",
                "subba": "ZONJ",
                "subba-name": "New York City - NYIS",
                "parent": "NYIS",
                "parent-name": "New York Independent System Operator",
                "value": "6028",
                "value-units": "megawatthours"
            },
            {
                "period": "2022-05-30T17",
                "subba": "ZONK",
                "subba-name": "Long Island - NYIS",
                "parent": "NYIS",
                "parent-name": "New York Independent System Operator",
                "value": "2579",
                "value-units": "megawatthours"
            },
            {
                "period": "2022-05-30T16",
                "subba": "ZONA",
                "subba-name": "West - NYIS",
                "parent": "NYIS",
                "parent-name": "New York Independent System Operator",
                "value": "1616",
                "value-units": "megawatthours"
            },
            {
                "period": "2022-05-30T16",
                "subba": "ZONB",
                "subba-name": "Genesee - NYIS",
                "parent": "NYIS",
                "parent-name": "New York Independent System Operator",
                "value": "1012",
                "value-units": "megawatthours"
            },
            {
                "period": "2022-05-30T16",
                "subba": "ZONC",
                "subba-name": "Central - NYIS",
                "parent": "NYIS",
                "parent-name": "New York Independent System Operator",
                "value": "1468",
                "value-units": "megawatthours"
            },
            {
                "period": "2022-05-30T16",
                "subba": "ZOND",
                "subba-name": "North - NYIS",
                "parent": "NYIS",
                "parent-name": "New York Independent System Operator",
                "value": "617",
                "value-units": "megawatthours"
            },
            {
                "period": "2022-05-30T16",
                "subba": "ZONE",
                "subba-name": "Mohawk Valley - NYIS",
                "parent": "NYIS",
                "parent-name": "New York Independent System Operator",
                "value": "690",
                "value-units": "megawatthours"
            },
            {
                "period": "2022-05-30T16",
                "subba": "ZONF",
                "subba-name": "Capital - NYIS",
                "parent": "NYIS",
                "parent-name": "New York Independent System Operator",
                "value": "1266",
                "value-units": "megawatthours"
            },
            {
                "period": "2022-05-30T16",
                "subba": "ZONG",
                "subba-name": "Hudson Valley - NYIS",
                "parent": "NYIS",
                "parent-name": "New York Independent System Operator",
                "value": "1039",
                "value-units": "megawatthours"
            },
            {
                "period": "2022-05-30T16",
                "subba": "ZONH",
                "subba-name": "Millwood - NYIS",
                "parent": "NYIS",
                "parent-name": "New York Independent System Operator",
                "value": "356",
                "value-units": "megawatthours"
            },
            {
                "period": "2022-05-30T16",
                "subba": "ZONI",
                "subba-name": "Dunwoodie - NYIS",
                "parent": "NYIS",
                "parent-name": "New York Independent System Operator",
                "value": "662",
                "value-units": "megawatthours"
            },
            {
                "period": "2022-05-30T16",
                "subba": "ZONJ",
                "subba-name": "New York City - NYIS",
                "parent": "NYIS",
                "parent-name": "New York Independent System Operator",
                "value": "5830",
                "value-units": "megawatthours"
            },
            {
                "period": "2022-05-30T16",
                "subba": "ZONK",
                "subba-name": "Long Island - NYIS",
                "parent": "NYIS",
                "parent-name": "New York Independent System Operator",
                "value": "2373",
                "value-units": "megawatthours"
            },
            {
                "period": "2022-05-30T15",
                "subba": "ZONA",
                "subba-name": "West - NYIS",
                "parent": "NYIS",
                "parent-name": "New York Independent System Operator",
                "value": "1532",
                "value-units": "megawatthours"
            },
            {
                "period": "2022-05-30T15",
                "subba": "ZONB",
                "subba-name": "Genesee - NYIS",
                "parent": "NYIS",
                "parent-name": "New York Independent System Operator",
                "value": "931",
                "value-units": "megawatthours"
            },
            {
                "period": "2022-05-30T15",
                "subba": "ZONC",
                "subba-name": "Central - NYIS",
                "parent": "NYIS",
                "parent-name": "New York Independent System Operator",
                "value": "1423",
                "value-units": "megawatthours"
            },
            {
                "period": "2022-05-30T15",
                "subba": "ZOND",
                "subba-name": "North - NYIS",
                "parent": "NYIS",
                "parent-name": "New York Independent System Operator",
                "value": "628",
                "value-units": "megawatthours"
            },
            {
                "period": "2022-05-30T15",
                "subba": "ZONE",
                "subba-name": "Mohawk Valley - NYIS",
                "parent": "NYIS",
                "parent-name": "New York Independent System Operator",
                "value": "680",
                "value-units": "megawatthours"
            },
            {
                "period": "2022-05-30T15",
                "subba": "ZONF",
                "subba-name": "Capital - NYIS",
                "parent": "NYIS",
                "parent-name": "New York Independent System Operator",
                "value": "1194",
                "value-units": "megawatthours"
            },
            {
                "period": "2022-05-30T15",
                "subba": "ZONG",
                "subba-name": "Hudson Valley - NYIS",
                "parent": "NYIS",
                "parent-name": "New York Independent System Operator",
                "value": "894",
                "value-units": "megawatthours"
            },
            {
                "period": "2022-05-30T15",
                "subba": "ZONH",
                "subba-name": "Millwood - NYIS",
                "parent": "NYIS",
                "parent-name": "New York Independent System Operator",
                "value": "318",
                "value-units": "megawatthours"
            },
            {
                "period": "2022-05-30T15",
                "subba": "ZONI",
                "subba-name": "Dunwoodie - NYIS",
                "parent": "NYIS",
                "parent-name": "New York Independent System Operator",
                "value": "620",
                "value-units": "megawatthours"
            },
            {
                "period": "2022-05-30T15",
                "subba": "ZONJ",
                "subba-name": "New York City - NYIS",
                "parent": "NYIS",
                "parent-name": "New York Independent System Operator",
                "value": "5572",
                "value-units": "megawatthours"
            },
            {
                "period": "2022-05-30T15",
                "subba": "ZONK",
                "subba-name": "Long Island - NYIS",
                "parent": "NYIS",
                "parent-name": "New York Independent System Operator",
                "value": "2164",
                "value-units": "megawatthours"
            },
            {
                "period": "2022-05-30T14",
                "subba": "ZONA",
                "subba-name": "West - NYIS",
                "parent": "NYIS",
                "parent-name": "New York Independent System Operator",
                "value": "1447",
                "value-units": "megawatthours"
            },
            {
                "period": "2022-05-30T14",
                "subba": "ZONB",
                "subba-name": "Genesee - NYIS",
                "parent": "NYIS",
                "parent-name": "New York Independent System Operator",
                "value": "873",
                "value-units": "megawatthours"
            },
            {
                "period": "2022-05-30T14",
                "subba": "ZONC",
                "subba-name": "Central - NYIS",
                "parent": "NYIS",
                "parent-name": "New York Independent System Operator",
                "value": "1464",
                "value-units": "megawatthours"
            },
            {
                "period": "2022-05-30T14",
                "subba": "ZOND",
                "subba-name": "North - NYIS",
                "parent": "NYIS",
                "parent-name": "New York Independent System Operator",
                "value": "622",
                "value-units": "megawatthours"
            },
            {
                "period": "2022-05-30T14",
                "subba": "ZONE",
                "subba-name": "Mohawk Valley - NYIS",
                "parent": "NYIS",
                "parent-name": "New York Independent System Operator",
                "value": "681",
                "value-units": "megawatthours"
            },
            {
                "period": "2022-05-30T14",
                "subba": "ZONF",
                "subba-name": "Capital - NYIS",
                "parent": "NYIS",
                "parent-name": "New York Independent System Operator",
                "value": "1177",
                "value-units": "megawatthours"
            },
            {
                "period": "2022-05-30T14",
                "subba": "ZONG",
                "subba-name": "Hudson Valley - NYIS",
                "parent": "NYIS",
                "parent-name": "New York Independent System Operator",
                "value": "829",
                "value-units": "megawatthours"
            },
            {
                "period": "2022-05-30T14",
                "subba": "ZONH",
                "subba-name": "Millwood - NYIS",
                "parent": "NYIS",
                "parent-name": "New York Independent System Operator",
                "value": "285",
                "value-units": "megawatthours"
            },
            {
                "period": "2022-05-30T14",
                "subba": "ZONI",
                "subba-name": "Dunwoodie - NYIS",
                "parent": "NYIS",
                "parent-name": "New York Independent System Operator",
                "value": "577",
                "value-units": "megawatthours"
            },
            {
                "period": "2022-05-30T14",
                "subba": "ZONJ",
                "subba-name": "New York City - NYIS",
                "parent": "NYIS",
                "parent-name": "New York Independent System Operator",
                "value": "5266",
                "value-units": "megawatthours"
            },
            {
                "period": "2022-05-30T14",
                "subba": "ZONK",
                "subba-name": "Long Island - NYIS",
                "parent": "NYIS",
                "parent-name": "New York Independent System Operator",
                "value": "2003",
                "value-units": "megawatthours"
            },
            {
                "period": "2022-05-30T13",
                "subba": "ZONA",
                "subba-name": "West - NYIS",
                "parent": "NYIS",
                "parent-name": "New York Independent System Operator",
                "value": "1363",
                "value-units": "megawatthours"
            },
            {
                "period": "2022-05-30T13",
                "subba": "ZONB",
                "subba-name": "Genesee - NYIS",
                "parent": "NYIS",
                "parent-name": "New York Independent System Operator",
                "value": "864",
                "value-units": "megawatthours"
            },
            {
                "period": "2022-05-30T13",
                "subba": "ZONC",
                "subba-name": "Central - NYIS",
                "parent": "NYIS",
                "parent-name": "New York Independent System Operator",
                "value": "1440",
                "value-units": "megawatthours"
            },
            {
                "period": "2022-05-30T13",
                "subba": "ZOND",
                "subba-name": "North - NYIS",
                "parent": "NYIS",
                "parent-name": "New York Independent System Operator",
                "value": "614",
                "value-units": "megawatthours"
            },
            {
                "period": "2022-05-30T13",
                "subba": "ZONE",
                "subba-name": "Mohawk Valley - NYIS",
                "parent": "NYIS",
                "parent-name": "New York Independent System Operator",
                "value": "677",
                "value-units": "megawatthours"
            },
            {
                "period": "2022-05-30T13",
                "subba": "ZONF",
                "subba-name": "Capital - NYIS",
                "parent": "NYIS",
                "parent-name": "New York Independent System Operator",
                "value": "1137",
                "value-units": "megawatthours"
            },
            {
                "period": "2022-05-30T13",
                "subba": "ZONG",
                "subba-name": "Hudson Valley - NYIS",
                "parent": "NYIS",
                "parent-name": "New York Independent System Operator",
                "value": "797",
                "value-units": "megawatthours"
            },
            {
                "period": "2022-05-30T13",
                "subba": "ZONH",
                "subba-name": "Millwood - NYIS",
                "parent": "NYIS",
                "parent-name": "New York Independent System Operator",
                "value": "269",
                "value-units": "megawatthours"
            },
            {
                "period": "2022-05-30T13",
                "subba": "ZONI",
                "subba-name": "Dunwoodie - NYIS",
                "parent": "NYIS",
                "parent-name": "New York Independent System Operator",
                "value": "537",
                "value-units": "megawatthours"
            },
            {
                "period": "2022-05-30T13",
                "subba": "ZONJ",
                "subba-name": "New York City - NYIS",
                "parent": "NYIS",
                "parent-name": "New York Independent System Operator",
                "value": "4973",
                "value-units": "megawatthours"
            },
            {
                "period": "2022-05-30T13",
                "subba": "ZONK",
                "subba-name": "Long Island - NYIS",
                "parent": "NYIS",
                "parent-name": "New York Independent System Operator",
                "value": "1864",
                "value-units": "megawatthours"
            },
            {
                "period": "2022-05-30T12",
                "subba": "ZONA",
                "subba-name": "West - NYIS",
                "parent": "NYIS",
                "parent-name": "New York Independent System Operator",
                "value": "1290",
                "value-units": "megawatthours"
            },
            {
                "period": "2022-05-30T12",
                "subba": "ZONB",
                "subba-name": "Genesee - NYIS",
                "parent": "NYIS",
                "parent-name": "New York Independent System Operator",
                "value": "839",
                "value-units": "megawatthours"
            },
            {
                "period": "2022-05-30T12",
                "subba": "ZONC",
                "subba-name": "Central - NYIS",
                "parent": "NYIS",
                "parent-name": "New York Independent System Operator",
                "value": "1410",
                "value-units": "megawatthours"
            },
            {
                "period": "2022-05-30T12",
                "subba": "ZOND",
                "subba-name": "North - NYIS",
                "parent": "NYIS",
                "parent-name": "New York Independent System Operator",
                "value": "611",
                "value-units": "megawatthours"
            },
            {
                "period": "2022-05-30T12",
                "subba": "ZONE",
                "subba-name": "Mohawk Valley - NYIS",
                "parent": "NYIS",
                "parent-name": "New York Independent System Operator",
                "value": "640",
                "value-units": "megawatthours"
            },
            {
                "period": "2022-05-30T12",
                "subba": "ZONF",
                "subba-name": "Capital - NYIS",
                "parent": "NYIS",
                "parent-name": "New York Independent System Operator",
                "value": "1100",
                "value-units": "megawatthours"
            },
            {
                "period": "2022-05-30T12",
                "subba": "ZONG",
                "subba-name": "Hudson Valley - NYIS",
                "parent": "NYIS",
                "parent-name": "New York Independent System Operator",
                "value": "779",
                "value-units": "megawatthours"
            },
            {
                "period": "2022-05-30T12",
                "subba": "ZONH",
                "subba-name": "Millwood - NYIS",
                "parent": "NYIS",
                "parent-name": "New York Independent System Operator",
                "value": "247",
                "value-units": "megawatthours"
            },
            {
                "period": "2022-05-30T12",
                "subba": "ZONI",
                "subba-name": "Dunwoodie - NYIS",
                "parent": "NYIS",
                "parent-name": "New York Independent System Operator",
                "value": "504",
                "value-units": "megawatthours"
            },
            {
                "period": "2022-05-30T12",
                "subba": "ZONJ",
                "subba-name": "New York City - NYIS",
                "parent": "NYIS",
                "parent-name": "New York Independent System Operator",
                "value": "4694",
                "value-units": "megawatthours"
            },
            {
                "period": "2022-05-30T12",
                "subba": "ZONK",
                "subba-name": "Long Island - NYIS",
                "parent": "NYIS",
                "parent-name": "New York Independent System Operator",
                "value": "1743",
                "value-units": "megawatthours"
            },
            {
                "period": "2022-05-30T11",
                "subba": "ZONA",
                "subba-name": "West - NYIS",
                "parent": "NYIS",
                "parent-name": "New York Independent System Operator",
                "value": "1247",
                "value-units": "megawatthours"
            },
            {
                "period": "2022-05-30T11",
                "subba": "ZONB",
                "subba-name": "Genesee - NYIS",
                "parent": "NYIS",
                "parent-name": "New York Independent System Operator",
                "value": "821",
                "value-units": "megawatthours"
            },
            {
                "period": "2022-05-30T11",
                "subba": "ZONC",
                "subba-name": "Central - NYIS",
                "parent": "NYIS",
                "parent-name": "New York Independent System Operator",
                "value": "1351",
                "value-units": "megawatthours"
            },
            {
                "period": "2022-05-30T11",
                "subba": "ZOND",
                "subba-name": "North - NYIS",
                "parent": "NYIS",
                "parent-name": "New York Independent System Operator",
                "value": "602",
                "value-units": "megawatthours"
            },
            {
                "period": "2022-05-30T11",
                "subba": "ZONE",
                "subba-name": "Mohawk Valley - NYIS",
                "parent": "NYIS",
                "parent-name": "New York Independent System Operator",
                "value": "596",
                "value-units": "megawatthours"
            },
            {
                "period": "2022-05-30T11",
                "subba": "ZONF",
                "subba-name": "Capital - NYIS",
                "parent": "NYIS",
                "parent-name": "New York Independent System Operator",
                "value": "1073",
                "value-units": "megawatthours"
            },
            {
                "period": "2022-05-30T11",
                "subba": "ZONG",
                "subba-name": "Hudson Valley - NYIS",
                "parent": "NYIS",
                "parent-name": "New York Independent System Operator",
                "value": "752",
                "value-units": "megawatthours"
            },
            {
                "period": "2022-05-30T11",
                "subba": "ZONH",
                "subba-name": "Millwood - NYIS",
                "parent": "NYIS",
                "parent-name": "New York Independent System Operator",
                "value": "234",
                "value-units": "megawatthours"
            },
            {
                "period": "2022-05-30T11",
                "subba": "ZONI",
                "subba-name": "Dunwoodie - NYIS",
                "parent": "NYIS",
                "parent-name": "New York Independent System Operator",
                "value": "486",
                "value-units": "megawatthours"
            },
            {
                "period": "2022-05-30T11",
                "subba": "ZONJ",
                "subba-name": "New York City - NYIS",
                "parent": "NYIS",
                "parent-name": "New York Independent System Operator",
                "value": "4414",
                "value-units": "megawatthours"
            },
            {
                "period": "2022-05-30T11",
                "subba": "ZONK",
                "subba-name": "Long Island - NYIS",
                "parent": "NYIS",
                "parent-name": "New York Independent System Operator",
                "value": "1674",
                "value-units": "megawatthours"
            },
            {
                "period": "2022-05-30T10",
                "subba": "ZONA",
                "subba-name": "West - NYIS",
                "parent": "NYIS",
                "parent-name": "New York Independent System Operator",
                "value": "1245",
                "value-units": "megawatthours"
            },
            {
                "period": "2022-05-30T10",
                "subba": "ZONB",
                "subba-name": "Genesee - NYIS",
                "parent": "NYIS",
                "parent-name": "New York Independent System Operator",
                "value": "810",
                "value-units": "megawatthours"
            },
            {
                "period": "2022-05-30T10",
                "subba": "ZONC",
                "subba-name": "Central - NYIS",
                "parent": "NYIS",
                "parent-name": "New York Independent System Operator",
                "value": "1328",
                "value-units": "megawatthours"
            },
            {
                "period": "2022-05-30T10",
                "subba": "ZOND",
                "subba-name": "North - NYIS",
                "parent": "NYIS",
                "parent-name": "New York Independent System Operator",
                "value": "599",
                "value-units": "megawatthours"
            },
            {
                "period": "2022-05-30T10",
                "subba": "ZONE",
                "subba-name": "Mohawk Valley - NYIS",
                "parent": "NYIS",
                "parent-name": "New York Independent System Operator",
                "value": "585",
                "value-units": "megawatthours"
            },
            {
                "period": "2022-05-30T10",
                "subba": "ZONF",
                "subba-name": "Capital - NYIS",
                "parent": "NYIS",
                "parent-name": "New York Independent System Operator",
                "value": "1055",
                "value-units": "megawatthours"
            },
            {
                "period": "2022-05-30T10",
                "subba": "ZONG",
                "subba-name": "Hudson Valley - NYIS",
                "parent": "NYIS",
                "parent-name": "New York Independent System Operator",
                "value": "738",
                "value-units": "megawatthours"
            },
            {
                "period": "2022-05-30T10",
                "subba": "ZONH",
                "subba-name": "Millwood - NYIS",
                "parent": "NYIS",
                "parent-name": "New York Independent System Operator",
                "value": "228",
                "value-units": "megawatthours"
            },
            {
                "period": "2022-05-30T10",
                "subba": "ZONI",
                "subba-name": "Dunwoodie - NYIS",
                "parent": "NYIS",
                "parent-name": "New York Independent System Operator",
                "value": "471",
                "value-units": "megawatthours"
            },
            {
                "period": "2022-05-30T10",
                "subba": "ZONJ",
                "subba-name": "New York City - NYIS",
                "parent": "NYIS",
                "parent-name": "New York Independent System Operator",
                "value": "4257",
                "value-units": "megawatthours"
            },
            {
                "period": "2022-05-30T10",
                "subba": "ZONK",
                "subba-name": "Long Island - NYIS",
                "parent": "NYIS",
                "parent-name": "New York Independent System Operator",
                "value": "1661",
                "value-units": "megawatthours"
            },
            {
                "period": "2022-05-30T09",
                "subba": "ZONA",
                "subba-name": "West - NYIS",
                "parent": "NYIS",
                "parent-name": "New York Independent System Operator",
                "value": "1230",
                "value-units": "megawatthours"
            },
            {
                "period": "2022-05-30T09",
                "subba": "ZONB",
                "subba-name": "Genesee - NYIS",
                "parent": "NYIS",
                "parent-name": "New York Independent System Operator",
                "value": "797",
                "value-units": "megawatthours"
            },
            {
                "period": "2022-05-30T09",
                "subba": "ZONC",
                "subba-name": "Central - NYIS",
                "parent": "NYIS",
                "parent-name": "New York Independent System Operator",
                "value": "1324",
                "value-units": "megawatthours"
            },
            {
                "period": "2022-05-30T09",
                "subba": "ZOND",
                "subba-name": "North - NYIS",
                "parent": "NYIS",
                "parent-name": "New York Independent System Operator",
                "value": "596",
                "value-units": "megawatthours"
            },
            {
                "period": "2022-05-30T09",
                "subba": "ZONE",
                "subba-name": "Mohawk Valley - NYIS",
                "parent": "NYIS",
                "parent-name": "New York Independent System Operator",
                "value": "590",
                "value-units": "megawatthours"
            },
            {
                "period": "2022-05-30T09",
                "subba": "ZONF",
                "subba-name": "Capital - NYIS",
                "parent": "NYIS",
                "parent-name": "New York Independent System Operator",
                "value": "1054",
                "value-units": "megawatthours"
            },
            {
                "period": "2022-05-30T09",
                "subba": "ZONG",
                "subba-name": "Hudson Valley - NYIS",
                "parent": "NYIS",
                "parent-name": "New York Independent System Operator",
                "value": "737",
                "value-units": "megawatthours"
            },
            {
                "period": "2022-05-30T09",
                "subba": "ZONH",
                "subba-name": "Millwood - NYIS",
                "parent": "NYIS",
                "parent-name": "New York Independent System Operator",
                "value": "229",
                "value-units": "megawatthours"
            },
            {
                "period": "2022-05-30T09",
                "subba": "ZONI",
                "subba-name": "Dunwoodie - NYIS",
                "parent": "NYIS",
                "parent-name": "New York Independent System Operator",
                "value": "469",
                "value-units": "megawatthours"
            },
            {
                "period": "2022-05-30T09",
                "subba": "ZONJ",
                "subba-name": "New York City - NYIS",
                "parent": "NYIS",
                "parent-name": "New York Independent System Operator",
                "value": "4224",
                "value-units": "megawatthours"
            },
            {
                "period": "2022-05-30T09",
                "subba": "ZONK",
                "subba-name": "Long Island - NYIS",
                "parent": "NYIS",
                "parent-name": "New York Independent System Operator",
                "value": "1668",
                "value-units": "megawatthours"
            },
            {
                "period": "2022-05-30T08",
                "subba": "ZONA",
                "subba-name": "West - NYIS",
                "parent": "NYIS",
                "parent-name": "New York Independent System Operator",
                "value": "1232",
                "value-units": "megawatthours"
            },
            {
                "period": "2022-05-30T08",
                "subba": "ZONB",
                "subba-name": "Genesee - NYIS",
                "parent": "NYIS",
                "parent-name": "New York Independent System Operator",
                "value": "798",
                "value-units": "megawatthours"
            },
            {
                "period": "2022-05-30T08",
                "subba": "ZONC",
                "subba-name": "Central - NYIS",
                "parent": "NYIS",
                "parent-name": "New York Independent System Operator",
                "value": "1330",
                "value-units": "megawatthours"
            },
            {
                "period": "2022-05-30T08",
                "subba": "ZOND",
                "subba-name": "North - NYIS",
                "parent": "NYIS",
                "parent-name": "New York Independent System Operator",
                "value": "592",
                "value-units": "megawatthours"
            },
            {
                "period": "2022-05-30T08",
                "subba": "ZONE",
                "subba-name": "Mohawk Valley - NYIS",
                "parent": "NYIS",
                "parent-name": "New York Independent System Operator",
                "value": "594",
                "value-units": "megawatthours"
            },
            {
                "period": "2022-05-30T08",
                "subba": "ZONF",
                "subba-name": "Capital - NYIS",
                "parent": "NYIS",
                "parent-name": "New York Independent System Operator",
                "value": "1051",
                "value-units": "megawatthours"
            },
            {
                "period": "2022-05-30T08",
                "subba": "ZONG",
                "subba-name": "Hudson Valley - NYIS",
                "parent": "NYIS",
                "parent-name": "New York Independent System Operator",
                "value": "744",
                "value-units": "megawatthours"
            },
            {
                "period": "2022-05-30T08",
                "subba": "ZONH",
                "subba-name": "Millwood - NYIS",
                "parent": "NYIS",
                "parent-name": "New York Independent System Operator",
                "value": "231",
                "value-units": "megawatthours"
            },
            {
                "period": "2022-05-30T08",
                "subba": "ZONI",
                "subba-name": "Dunwoodie - NYIS",
                "parent": "NYIS",
                "parent-name": "New York Independent System Operator",
                "value": "477",
                "value-units": "megawatthours"
            },
            {
                "period": "2022-05-30T08",
                "subba": "ZONJ",
                "subba-name": "New York City - NYIS",
                "parent": "NYIS",
                "parent-name": "New York Independent System Operator",
                "value": "4242",
                "value-units": "megawatthours"
            },
            {
                "period": "2022-05-30T08",
                "subba": "ZONK",
                "subba-name": "Long Island - NYIS",
                "parent": "NYIS",
                "parent-name": "New York Independent System Operator",
                "value": "1673",
                "value-units": "megawatthours"
            },
            {
                "period": "2022-05-30T07",
                "subba": "ZONA",
                "subba-name": "West - NYIS",
                "parent": "NYIS",
                "parent-name": "New York Independent System Operator",
                "value": "1255",
                "value-units": "megawatthours"
            },
            {
                "period": "2022-05-30T07",
                "subba": "ZONB",
                "subba-name": "Genesee - NYIS",
                "parent": "NYIS",
                "parent-name": "New York Independent System Operator",
                "value": "814",
                "value-units": "megawatthours"
            },
            {
                "period": "2022-05-30T07",
                "subba": "ZONC",
                "subba-name": "Central - NYIS",
                "parent": "NYIS",
                "parent-name": "New York Independent System Operator",
                "value": "1332",
                "value-units": "megawatthours"
            },
            {
                "period": "2022-05-30T07",
                "subba": "ZOND",
                "subba-name": "North - NYIS",
                "parent": "NYIS",
                "parent-name": "New York Independent System Operator",
                "value": "601",
                "value-units": "megawatthours"
            },
            {
                "period": "2022-05-30T07",
                "subba": "ZONE",
                "subba-name": "Mohawk Valley - NYIS",
                "parent": "NYIS",
                "parent-name": "New York Independent System Operator",
                "value": "594",
                "value-units": "megawatthours"
            },
            {
                "period": "2022-05-30T07",
                "subba": "ZONF",
                "subba-name": "Capital - NYIS",
                "parent": "NYIS",
                "parent-name": "New York Independent System Operator",
                "value": "1074",
                "value-units": "megawatthours"
            },
            {
                "period": "2022-05-30T07",
                "subba": "ZONG",
                "subba-name": "Hudson Valley - NYIS",
                "parent": "NYIS",
                "parent-name": "New York Independent System Operator",
                "value": "764",
                "value-units": "megawatthours"
            },
            {
                "period": "2022-05-30T07",
                "subba": "ZONH",
                "subba-name": "Millwood - NYIS",
                "parent": "NYIS",
                "parent-name": "New York Independent System Operator",
                "value": "239",
                "value-units": "megawatthours"
            },
            {
                "period": "2022-05-30T07",
                "subba": "ZONI",
                "subba-name": "Dunwoodie - NYIS",
                "parent": "NYIS",
                "parent-name": "New York Independent System Operator",
                "value": "490",
                "value-units": "megawatthours"
            },
            {
                "period": "2022-05-30T07",
                "subba": "ZONJ",
                "subba-name": "New York City - NYIS",
                "parent": "NYIS",
                "parent-name": "New York Independent System Operator",
                "value": "4311",
                "value-units": "megawatthours"
            },
            {
                "period": "2022-05-30T07",
                "subba": "ZONK",
                "subba-name": "Long Island - NYIS",
                "parent": "NYIS",
                "parent-name": "New York Independent System Operator",
                "value": "1716",
                "value-units": "megawatthours"
            },
            {
                "period": "2022-05-30T06",
                "subba": "ZONA",
                "subba-name": "West - NYIS",
                "parent": "NYIS",
                "parent-name": "New York Independent System Operator",
                "value": "1291",
                "value-units": "megawatthours"
            },
            {
                "period": "2022-05-30T06",
                "subba": "ZONB",
                "subba-name": "Genesee - NYIS",
                "parent": "NYIS",
                "parent-name": "New York Independent System Operator",
                "value": "839",
                "value-units": "megawatthours"
            },
            {
                "period": "2022-05-30T06",
                "subba": "ZONC",
                "subba-name": "Central - NYIS",
                "parent": "NYIS",
                "parent-name": "New York Independent System Operator",
                "value": "1363",
                "value-units": "megawatthours"
            },
            {
                "period": "2022-05-30T06",
                "subba": "ZOND",
                "subba-name": "North - NYIS",
                "parent": "NYIS",
                "parent-name": "New York Independent System Operator",
                "value": "604",
                "value-units": "megawatthours"
            },
            {
                "period": "2022-05-30T06",
                "subba": "ZONE",
                "subba-name": "Mohawk Valley - NYIS",
                "parent": "NYIS",
                "parent-name": "New York Independent System Operator",
                "value": "605",
                "value-units": "megawatthours"
            },
            {
                "period": "2022-05-30T06",
                "subba": "ZONF",
                "subba-name": "Capital - NYIS",
                "parent": "NYIS",
                "parent-name": "New York Independent System Operator",
                "value": "1099",
                "value-units": "megawatthours"
            },
            {
                "period": "2022-05-30T06",
                "subba": "ZONG",
                "subba-name": "Hudson Valley - NYIS",
                "parent": "NYIS",
                "parent-name": "New York Independent System Operator",
                "value": "798",
                "value-units": "megawatthours"
            },
            {
                "period": "2022-05-30T06",
                "subba": "ZONH",
                "subba-name": "Millwood - NYIS",
                "parent": "NYIS",
                "parent-name": "New York Independent System Operator",
                "value": "251",
                "value-units": "megawatthours"
            },
            {
                "period": "2022-05-30T06",
                "subba": "ZONI",
                "subba-name": "Dunwoodie - NYIS",
                "parent": "NYIS",
                "parent-name": "New York Independent System Operator",
                "value": "497",
                "value-units": "megawatthours"
            },
            {
                "period": "2022-05-30T06",
                "subba": "ZONJ",
                "subba-name": "New York City - NYIS",
                "parent": "NYIS",
                "parent-name": "New York Independent System Operator",
                "value": "4463",
                "value-units": "megawatthours"
            },
            {
                "period": "2022-05-30T06",
                "subba": "ZONK",
                "subba-name": "Long Island - NYIS",
                "parent": "NYIS",
                "parent-name": "New York Independent System Operator",
                "value": "1788",
                "value-units": "megawatthours"
            },
            {
                "period": "2022-05-30T05",
                "subba": "ZONA",
                "subba-name": "West - NYIS",
                "parent": "NYIS",
                "parent-name": "New York Independent System Operator",
                "value": "1332",
                "value-units": "megawatthours"
            },
            {
                "period": "2022-05-30T05",
                "subba": "ZONB",
                "subba-name": "Genesee - NYIS",
                "parent": "NYIS",
                "parent-name": "New York Independent System Operator",
                "value": "882",
                "value-units": "megawatthours"
            },
            {
                "period": "2022-05-30T05",
                "subba": "ZONC",
                "subba-name": "Central - NYIS",
                "parent": "NYIS",
                "parent-name": "New York Independent System Operator",
                "value": "1414",
                "value-units": "megawatthours"
            },
            {
                "period": "2022-05-30T05",
                "subba": "ZOND",
                "subba-name": "North - NYIS",
                "parent": "NYIS",
                "parent-name": "New York Independent System Operator",
                "value": "608",
                "value-units": "megawatthours"
            },
            {
                "period": "2022-05-30T05",
                "subba": "ZONE",
                "subba-name": "Mohawk Valley - NYIS",
                "parent": "NYIS",
                "parent-name": "New York Independent System Operator",
                "value": "624",
                "value-units": "megawatthours"
            },
            {
                "period": "2022-05-30T05",
                "subba": "ZONF",
                "subba-name": "Capital - NYIS",
                "parent": "NYIS",
                "parent-name": "New York Independent System Operator",
                "value": "1153",
                "value-units": "megawatthours"
            },
            {
                "period": "2022-05-30T05",
                "subba": "ZONG",
                "subba-name": "Hudson Valley - NYIS",
                "parent": "NYIS",
                "parent-name": "New York Independent System Operator",
                "value": "845",
                "value-units": "megawatthours"
            },
            {
                "period": "2022-05-30T05",
                "subba": "ZONH",
                "subba-name": "Millwood - NYIS",
                "parent": "NYIS",
                "parent-name": "New York Independent System Operator",
                "value": "278",
                "value-units": "megawatthours"
            },
            {
                "period": "2022-05-30T05",
                "subba": "ZONI",
                "subba-name": "Dunwoodie - NYIS",
                "parent": "NYIS",
                "parent-name": "New York Independent System Operator",
                "value": "523",
                "value-units": "megawatthours"
            },
            {
                "period": "2022-05-30T05",
                "subba": "ZONJ",
                "subba-name": "New York City - NYIS",
                "parent": "NYIS",
                "parent-name": "New York Independent System Operator",
                "value": "4645",
                "value-units": "megawatthours"
            },
            {
                "period": "2022-05-30T05",
                "subba": "ZONK",
                "subba-name": "Long Island - NYIS",
                "parent": "NYIS",
                "parent-name": "New York Independent System Operator",
                "value": "1900",
                "value-units": "megawatthours"
            },
            {
                "period": "2022-05-30T04",
                "subba": "ZONA",
                "subba-name": "West - NYIS",
                "parent": "NYIS",
                "parent-name": "New York Independent System Operator",
                "value": "1408",
                "value-units": "megawatthours"
            },
            {
                "period": "2022-05-30T04",
                "subba": "ZONB",
                "subba-name": "Genesee - NYIS",
                "parent": "NYIS",
                "parent-name": "New York Independent System Operator",
                "value": "938",
                "value-units": "megawatthours"
            },
            {
                "period": "2022-05-30T04",
                "subba": "ZONC",
                "subba-name": "Central - NYIS",
                "parent": "NYIS",
                "parent-name": "New York Independent System Operator",
                "value": "1490",
                "value-units": "megawatthours"
            },
            {
                "period": "2022-05-30T04",
                "subba": "ZOND",
                "subba-name": "North - NYIS",
                "parent": "NYIS",
                "parent-name": "New York Independent System Operator",
                "value": "614",
                "value-units": "megawatthours"
            },
            {
                "period": "2022-05-30T04",
                "subba": "ZONE",
                "subba-name": "Mohawk Valley - NYIS",
                "parent": "NYIS",
                "parent-name": "New York Independent System Operator",
                "value": "659",
                "value-units": "megawatthours"
            },
            {
                "period": "2022-05-30T04",
                "subba": "ZONF",
                "subba-name": "Capital - NYIS",
                "parent": "NYIS",
                "parent-name": "New York Independent System Operator",
                "value": "1229",
                "value-units": "megawatthours"
            },
            {
                "period": "2022-05-30T04",
                "subba": "ZONG",
                "subba-name": "Hudson Valley - NYIS",
                "parent": "NYIS",
                "parent-name": "New York Independent System Operator",
                "value": "909",
                "value-units": "megawatthours"
            },
            {
                "period": "2022-05-30T04",
                "subba": "ZONH",
                "subba-name": "Millwood - NYIS",
                "parent": "NYIS",
                "parent-name": "New York Independent System Operator",
                "value": "310",
                "value-units": "megawatthours"
            },
            {
                "period": "2022-05-30T04",
                "subba": "ZONI",
                "subba-name": "Dunwoodie - NYIS",
                "parent": "NYIS",
                "parent-name": "New York Independent System Operator",
                "value": "559",
                "value-units": "megawatthours"
            },
            {
                "period": "2022-05-30T04",
                "subba": "ZONJ",
                "subba-name": "New York City - NYIS",
                "parent": "NYIS",
                "parent-name": "New York Independent System Operator",
                "value": "4878",
                "value-units": "megawatthours"
            },
            {
                "period": "2022-05-30T04",
                "subba": "ZONK",
                "subba-name": "Long Island - NYIS",
                "parent": "NYIS",
                "parent-name": "New York Independent System Operator",
                "value": "2062",
                "value-units": "megawatthours"
            },
            {
                "period": "2022-05-30T03",
                "subba": "ZONA",
                "subba-name": "West - NYIS",
                "parent": "NYIS",
                "parent-name": "New York Independent System Operator",
                "value": "1505",
                "value-units": "megawatthours"
            },
            {
                "period": "2022-05-30T03",
                "subba": "ZONB",
                "subba-name": "Genesee - NYIS",
                "parent": "NYIS",
                "parent-name": "New York Independent System Operator",
                "value": "1006",
                "value-units": "megawatthours"
            },
            {
                "period": "2022-05-30T03",
                "subba": "ZONC",
                "subba-name": "Central - NYIS",
                "parent": "NYIS",
                "parent-name": "New York Independent System Operator",
                "value": "1590",
                "value-units": "megawatthours"
            },
            {
                "period": "2022-05-30T03",
                "subba": "ZOND",
                "subba-name": "North - NYIS",
                "parent": "NYIS",
                "parent-name": "New York Independent System Operator",
                "value": "630",
                "value-units": "megawatthours"
            },
            {
                "period": "2022-05-30T03",
                "subba": "ZONE",
                "subba-name": "Mohawk Valley - NYIS",
                "parent": "NYIS",
                "parent-name": "New York Independent System Operator",
                "value": "723",
                "value-units": "megawatthours"
            },
            {
                "period": "2022-05-30T03",
                "subba": "ZONF",
                "subba-name": "Capital - NYIS",
                "parent": "NYIS",
                "parent-name": "New York Independent System Operator",
                "value": "1332",
                "value-units": "megawatthours"
            },
            {
                "period": "2022-05-30T03",
                "subba": "ZONG",
                "subba-name": "Hudson Valley - NYIS",
                "parent": "NYIS",
                "parent-name": "New York Independent System Operator",
                "value": "991",
                "value-units": "megawatthours"
            },
            {
                "period": "2022-05-30T03",
                "subba": "ZONH",
                "subba-name": "Millwood - NYIS",
                "parent": "NYIS",
                "parent-name": "New York Independent System Operator",
                "value": "330",
                "value-units": "megawatthours"
            },
            {
                "period": "2022-05-30T03",
                "subba": "ZONI",
                "subba-name": "Dunwoodie - NYIS",
                "parent": "NYIS",
                "parent-name": "New York Independent System Operator",
                "value": "595",
                "value-units": "megawatthours"
            },
            {
                "period": "2022-05-30T03",
                "subba": "ZONJ",
                "subba-name": "New York City - NYIS",
                "parent": "NYIS",
                "parent-name": "New York Independent System Operator",
                "value": "5076",
                "value-units": "megawatthours"
            },
            {
                "period": "2022-05-30T03",
                "subba": "ZONK",
                "subba-name": "Long Island - NYIS",
                "parent": "NYIS",
                "parent-name": "New York Independent System Operator",
                "value": "2238",
                "value-units": "megawatthours"
            },
            {
                "period": "2022-05-30T02",
                "subba": "ZONA",
                "subba-name": "West - NYIS",
                "parent": "NYIS",
                "parent-name": "New York Independent System Operator",
                "value": "1576",
                "value-units": "megawatthours"
            },
            {
                "period": "2022-05-30T02",
                "subba": "ZONB",
                "subba-name": "Genesee - NYIS",
                "parent": "NYIS",
                "parent-name": "New York Independent System Operator",
                "value": "1066",
                "value-units": "megawatthours"
            },
            {
                "period": "2022-05-30T02",
                "subba": "ZONC",
                "subba-name": "Central - NYIS",
                "parent": "NYIS",
                "parent-name": "New York Independent System Operator",
                "value": "1665",
                "value-units": "megawatthours"
            },
            {
                "period": "2022-05-30T02",
                "subba": "ZOND",
                "subba-name": "North - NYIS",
                "parent": "NYIS",
                "parent-name": "New York Independent System Operator",
                "value": "628",
                "value-units": "megawatthours"
            },
            {
                "period": "2022-05-30T02",
                "subba": "ZONE",
                "subba-name": "Mohawk Valley - NYIS",
                "parent": "NYIS",
                "parent-name": "New York Independent System Operator",
                "value": "773",
                "value-units": "megawatthours"
            },
            {
                "period": "2022-05-30T02",
                "subba": "ZONF",
                "subba-name": "Capital - NYIS",
                "parent": "NYIS",
                "parent-name": "New York Independent System Operator",
                "value": "1419",
                "value-units": "megawatthours"
            },
            {
                "period": "2022-05-30T02",
                "subba": "ZONG",
                "subba-name": "Hudson Valley - NYIS",
                "parent": "NYIS",
                "parent-name": "New York Independent System Operator",
                "value": "1076",
                "value-units": "megawatthours"
            },
            {
                "period": "2022-05-30T02",
                "subba": "ZONH",
                "subba-name": "Millwood - NYIS",
                "parent": "NYIS",
                "parent-name": "New York Independent System Operator",
                "value": "336",
                "value-units": "megawatthours"
            },
            {
                "period": "2022-05-30T02",
                "subba": "ZONI",
                "subba-name": "Dunwoodie - NYIS",
                "parent": "NYIS",
                "parent-name": "New York Independent System Operator",
                "value": "624",
                "value-units": "megawatthours"
            },
            {
                "period": "2022-05-30T02",
                "subba": "ZONJ",
                "subba-name": "New York City - NYIS",
                "parent": "NYIS",
                "parent-name": "New York Independent System Operator",
                "value": "5210",
                "value-units": "megawatthours"
            },
            {
                "period": "2022-05-30T02",
                "subba": "ZONK",
                "subba-name": "Long Island - NYIS",
                "parent": "NYIS",
                "parent-name": "New York Independent System Operator",
                "value": "2378",
                "value-units": "megawatthours"
            },
            {
                "period": "2022-05-30T01",
                "subba": "ZONA",
                "subba-name": "West - NYIS",
                "parent": "NYIS",
                "parent-name": "New York Independent System Operator",
                "value": "1589",
                "value-units": "megawatthours"
            },
            {
                "period": "2022-05-30T01",
                "subba": "ZONB",
                "subba-name": "Genesee - NYIS",
                "parent": "NYIS",
                "parent-name": "New York Independent System Operator",
                "value": "1080",
                "value-units": "megawatthours"
            },
            {
                "period": "2022-05-30T01",
                "subba": "ZONC",
                "subba-name": "Central - NYIS",
                "parent": "NYIS",
                "parent-name": "New York Independent System Operator",
                "value": "1716",
                "value-units": "megawatthours"
            },
            {
                "period": "2022-05-30T01",
                "subba": "ZOND",
                "subba-name": "North - NYIS",
                "parent": "NYIS",
                "parent-name": "New York Independent System Operator",
                "value": "630",
                "value-units": "megawatthours"
            },
            {
                "period": "2022-05-30T01",
                "subba": "ZONE",
                "subba-name": "Mohawk Valley - NYIS",
                "parent": "NYIS",
                "parent-name": "New York Independent System Operator",
                "value": "792",
                "value-units": "megawatthours"
            },
            {
                "period": "2022-05-30T01",
                "subba": "ZONF",
                "subba-name": "Capital - NYIS",
                "parent": "NYIS",
                "parent-name": "New York Independent System Operator",
                "value": "1460",
                "value-units": "megawatthours"
            },
            {
                "period": "2022-05-30T01",
                "subba": "ZONG",
                "subba-name": "Hudson Valley - NYIS",
                "parent": "NYIS",
                "parent-name": "New York Independent System Operator",
                "value": "1118",
                "value-units": "megawatthours"
            },
            {
                "period": "2022-05-30T01",
                "subba": "ZONH",
                "subba-name": "Millwood - NYIS",
                "parent": "NYIS",
                "parent-name": "New York Independent System Operator",
                "value": "340",
                "value-units": "megawatthours"
            },
            {
                "period": "2022-05-30T01",
                "subba": "ZONI",
                "subba-name": "Dunwoodie - NYIS",
                "parent": "NYIS",
                "parent-name": "New York Independent System Operator",
                "value": "631",
                "value-units": "megawatthours"
            },
            {
                "period": "2022-05-30T01",
                "subba": "ZONJ",
                "subba-name": "New York City - NYIS",
                "parent": "NYIS",
                "parent-name": "New York Independent System Operator",
                "value": "5244",
                "value-units": "megawatthours"
            },
            {
                "period": "2022-05-30T01",
                "subba": "ZONK",
                "subba-name": "Long Island - NYIS",
                "parent": "NYIS",
                "parent-name": "New York Independent System Operator",
                "value": "2432",
                "value-units": "megawatthours"
            },
            {
                "period": "2022-05-30T00",
                "subba": "ZONA",
                "subba-name": "West - NYIS",
                "parent": "NYIS",
                "parent-name": "New York Independent System Operator",
                "value": "1617",
                "value-units": "megawatthours"
            },
            {
                "period": "2022-05-30T00",
                "subba": "ZONB",
                "subba-name": "Genesee - NYIS",
                "parent": "NYIS",
                "parent-name": "New York Independent System Operator",
                "value": "1095",
                "value-units": "megawatthours"
            },
            {
                "period": "2022-05-30T00",
                "subba": "ZONC",
                "subba-name": "Central - NYIS",
                "parent": "NYIS",
                "parent-name": "New York Independent System Operator",
                "value": "1735",
                "value-units": "megawatthours"
            },
            {
                "period": "2022-05-30T00",
                "subba": "ZOND",
                "subba-name": "North - NYIS",
                "parent": "NYIS",
                "parent-name": "New York Independent System Operator",
                "value": "631",
                "value-units": "megawatthours"
            },
            {
                "period": "2022-05-30T00",
                "subba": "ZONE",
                "subba-name": "Mohawk Valley - NYIS",
                "parent": "NYIS",
                "parent-name": "New York Independent System Operator",
                "value": "785",
                "value-units": "megawatthours"
            },
            {
                "period": "2022-05-30T00",
                "subba": "ZONF",
                "subba-name": "Capital - NYIS",
                "parent": "NYIS",
                "parent-name": "New York Independent System Operator",
                "value": "1486",
                "value-units": "megawatthours"
            },
            {
                "period": "2022-05-30T00",
                "subba": "ZONG",
                "subba-name": "Hudson Valley - NYIS",
                "parent": "NYIS",
                "parent-name": "New York Independent System Operator",
                "value": "1149",
                "value-units": "megawatthours"
            },
            {
                "period": "2022-05-30T00",
                "subba": "ZONH",
                "subba-name": "Millwood - NYIS",
                "parent": "NYIS",
                "parent-name": "New York Independent System Operator",
                "value": "356",
                "value-units": "megawatthours"
            },
            {
                "period": "2022-05-30T00",
                "subba": "ZONI",
                "subba-name": "Dunwoodie - NYIS",
                "parent": "NYIS",
                "parent-name": "New York Independent System Operator",
                "value": "641",
                "value-units": "megawatthours"
            },
            {
                "period": "2022-05-30T00",
                "subba": "ZONJ",
                "subba-name": "New York City - NYIS",
                "parent": "NYIS",
                "parent-name": "New York Independent System Operator",
                "value": "5301",
                "value-units": "megawatthours"
            },
            {
                "period": "2022-05-30T00",
                "subba": "ZONK",
                "subba-name": "Long Island - NYIS",
                "parent": "NYIS",
                "parent-name": "New York Independent System Operator",
                "value": "2488",
                "value-units": "megawatthours"
            }
        ],
        "description": "Hourly demand by balancing authority subregion.  \n    Source: Form EIA-930\n    Product: Hourly Electric Grid Monitor"
    },
    "request": {
        "command": "/v2/electricity/rto/region-sub-ba-data/data/",
        "params": {
            "frequency": "hourly",
            "data": [
                "value"
            ],
            "sort": [
                {
                    "column": "period",
                    "direction": "desc"
                }
            ],
            "facets": {
                "parent": [
                    "NYIS"
                ]
            },
            "offset": "0",
            "length": "5000",
            "start": "2022-05-30",
            "end": "2022-05-31",
            "api_key": "dqRq8VpXSoyUrCbrPhuYFxGl6Rul9kmVcRshZ98c"
        }
    },
    "apiVersion": "2.1.8",
    "ExcelAddInVersion": "2.1.0"
}