{
    "response": {
        "total": "275",
        "dateFormat": "YYYY-MM-DD\"T\"HH24",
        "frequency": "hourly",
        "data": [
            {
                "period": "2023-04-19T00",
                "subba": "ZONA",
                "subba-name": "West - NYIS",
                "parent": "NYIS",
                "parent-name": "New York Independent System Operator",
                "value": "1700",
                "value-units": "megawatthours"
            },
            {
                "period": "2023-04-19T00",
                "subba": "ZONB",
                "subba-name": "Genesee - NYIS",
                "parent": "NYIS",
                "parent-name": "New York Independent System Operator",
                "value": "1127",
                "value-units": "megawatthours"
            },
            {
                "period": "2023-04-19T00",
                "subba": "ZONC",
                "subba-name": "Central - NYIS",
                "parent": "NYIS",
                "parent-name": "New York Independent System Operator",
                "value": "1769",
                "value-units": "megawatthours"
            },
            {
                "period": "2023-04-19T00",
                "subba": "ZOND",
                "subba-name": "North - NYIS",
                "parent": "NYIS",
                "parent-name": "New York Independent System Operator",
                "value": "672",
                "value-units": "megawatthours"
            },
            {
                "period": "2023-04-19T00",
                "subba": "ZONE",
                "subba-name": "Mohawk Valley - NYIS",
                "parent": "NYIS",
                "parent-name": "New York Independent System Operator",
                "value": "877",
                "value-units": "megawatthours"
            },
            {
                "period": "2023-04-19T00",
                "subba": "ZONF",
                "subba-name": "Capital - NYIS",
                "parent": "NYIS",
                "parent-name": "New York Independent System Operator",
                "value": "1296",
                "value-units": "megawatthours"
            },
            {
                "period": "2023-04-19T00",
                "subba": "ZONG",
                "subba-name": "Hudson Valley - NYIS",
                "parent": "NYIS",
                "parent-name": "New York Independent System Operator",
                "value": "1099",
                "value-units": "megawatthours"
            },
            {
                "period": "2023-04-19T00",
                "subba": "ZONH",
                "subba-name": "Millwood - NYIS",
                "parent": "NYIS",
                "parent-name": "New York Independent System Operator",
                "value": "290",
                "value-units": "megawatthours"
            },
            {
                "period": "2023-04-19T00",
                "subba": "ZONI",
                "subba-name": "Dunwoodie - NYIS",
                "parent": "NYIS",
                "parent-name": "New York Independent System Operator",
                "value": "555",
                "value-units": "megawatthours"
            },
            {
                "period": "2023-04-19T00",
                "subba": "ZONJ",
                "subba-name": "New York City - NYIS",
                "parent": "NYIS",
                "parent-name": "New York Independent System Operator",
                "value": "5314",
                "value-units": "megawatthours"
            },
            {
                "period": "2023-04-19T00",
                "subba": "ZONK",
                "subba-name": "Long Island - NYIS",
                "parent": "NYIS",
                "parent-name": "New York Independent System Operator",
                "value": "2092",
                "value-units": "megawatthours"
            },
            {
                "period": "2023-04-18T23",
                "subba": "ZONA",
                "subba-name": "West - NYIS",
                "parent": "NYIS",
                "parent-name": "New York Independent System Operator",
                "value": "1691",
                "value-units": "megawatthours"
            },
            {
                "period": "2023-04-18T23",
                "subba": "ZONB",
                "subba-name": "Genesee - NYIS",
                "parent": "NYIS",
                "parent-name": "New York Independent System Operator",
                "value": "1095",
                "value-units": "megawatthours"
            },
            {
                "period": "2023-04-18T23",
                "subba": "ZONC",
                "subba-name": "Central - NYIS",
                "parent": "NYIS",
                "parent-name": "New York Independent System Operator",
                "value": "1703",
                "value-units": "megawatthours"
            },
            {
                "period": "2023-04-18T23",
                "subba": "ZOND",
                "subba-name": "North - NYIS",
                "parent": "NYIS",
                "parent-name": "New York Independent System Operator",
                "value": "669",
                "value-units": "megawatthours"
            },
            {
                "period": "2023-04-18T23",
                "subba": "ZONE",
                "subba-name": "Mohawk Valley - NYIS",
                "parent": "NYIS",
                "parent-name": "New York Independent System Operator",
                "value": "857",
                "value-units": "megawatthours"
            },
            {
                "period": "2023-04-18T23",
                "subba": "ZONF",
                "subba-name": "Capital - NYIS",
                "parent": "NYIS",
                "parent-name": "New York Independent System Operator",
                "value": "1282",
                "value-units": "megawatthours"
            },
            {
                "period": "2023-04-18T23",
                "subba": "ZONG",
                "subba-name": "Hudson Valley - NYIS",
                "parent": "NYIS",
                "parent-name": "New York Independent System Operator",
                "value": "1056",
                "value-units": "megawatthours"
            },
            {
                "period": "2023-04-18T23",
                "subba": "ZONH",
                "subba-name": "Millwood - NYIS",
                "parent": "NYIS",
                "parent-name": "New York Independent System Operator",
                "value": "285",
                "value-units": "megawatthours"
            },
            {
                "period": "2023-04-18T23",
                "subba": "ZONI",
                "subba-name": "Dunwoodie - NYIS",
                "parent": "NYIS",
                "parent-name": "New York Independent System Operator",
                "value": "543",
                "value-units": "megawatthours"
            },
            {
                "period": "2023-04-18T23",
                "subba": "ZONJ",
                "subba-name": "New York City - NYIS",
                "parent": "NYIS",
                "parent-name": "New York Independent System Operator",
                "value": "5330",
                "value-units": "megawatthours"
            },
            {
                "period": "2023-04-18T23",
                "subba": "ZONK",
                "subba-name": "Long Island - NYIS",
                "parent": "NYIS",
                "parent-name": "New York Independent System Operator",
                "value": "1979",
                "value-units": "megawatthours"
            },
            {
                "period": "2023-04-18T22",
                "subba": "ZONA",
                "subba-name": "West - NYIS",
                "parent": "NYIS",
                "parent-name": "New York Independent System Operator",
                "value": "1678",
                "value-units": "megawatthours"
            },
            {
                "period": "2023-04-18T22",
                "subba": "ZONB",
                "subba-name": "Genesee - NYIS",
                "parent": "NYIS",
                "parent-name": "New York Independent System Operator",
                "value": "1048",
                "value-units": "megawatthours"
            },
            {
                "period": "2023-04-18T22",
                "subba": "ZONC",
                "subba-name": "Central - NYIS",
                "parent": "NYIS",
                "parent-name": "New York Independent System Operator",
                "value": "1709",
                "value-units": "megawatthours"
            },
            {
                "period": "2023-04-18T22",
                "subba": "ZOND",
                "subba-name": "North - NYIS",
                "parent": "NYIS",
                "parent-name": "New York Independent System Operator",
                "value": "667",
                "value-units": "megawatthours"
            },
            {
                "period": "2023-04-18T22",
                "subba": "ZONE",
                "subba-name": "Mohawk Valley - NYIS",
                "parent": "NYIS",
                "parent-name": "New York Independent System Operator",
                "value": "824",
                "value-units": "megawatthours"
            },
            {
                "period": "2023-04-18T22",
                "subba": "ZONF",
                "subba-name": "Capital - NYIS",
                "parent": "NYIS",
                "parent-name": "New York Independent System Operator",
                "value": "1224",
                "value-units": "megawatthours"
            },
            {
                "period": "2023-04-18T22",
                "subba": "ZONG",
                "subba-name": "Hudson Valley - NYIS",
                "parent": "NYIS",
                "parent-name": "New York Independent System Operator",
                "value": "1008",
                "value-units": "megawatthours"
            },
            {
                "period": "2023-04-18T22",
                "subba": "ZONH",
                "subba-name": "Millwood - NYIS",
                "parent": "NYIS",
                "parent-name": "New York Independent System Operator",
                "value": "271",
                "value-units": "megawatthours"
            },
            {
                "period": "2023-04-18T22",
                "subba": "ZONI",
                "subba-name": "Dunwoodie - NYIS",
                "parent": "NYIS",
                "parent-name": "New York Independent System Operator",
                "value": "528",
                "value-units": "megawatthours"
            },
            {
                "period": "2023-04-18T22",
                "subba": "ZONJ",
                "subba-name": "New York City - NYIS",
                "parent": "NYIS",
                "parent-name": "New York Independent System Operator",
                "value": "5410",
                "value-units": "megawatthours"
            },
            {
                "period": "2023-04-18T22",
                "subba": "ZONK",
                "subba-name": "Long Island - NYIS",
                "parent": "NYIS",
                "parent-name": "New York Independent System Operator",
                "value": "1822",
                "value-units": "megawatthours"
            },
            {
                "period": "2023-04-18T21",
                "subba": "ZONA",
                "subba-name": "West - NYIS",
                "parent": "NYIS",
                "parent-name": "New York Independent System Operator",
                "value": "1672",
                "value-units": "megawatthours"
            },
            {
                "period": "2023-04-18T21",
                "subba": "ZONB",
                "subba-name": "Genesee - NYIS",
                "parent": "NYIS",
                "parent-name": "New York Independent System Operator",
                "value": "1023",
                "value-units": "megawatthours"
            },
            {
                "period": "2023-04-18T21",
                "subba": "ZONC",
                "subba-name": "Central - NYIS",
                "parent": "NYIS",
                "parent-name": "New York Independent System Operator",
                "value": "1702",
                "value-units": "megawatthours"
            },
            {
                "period": "2023-04-18T21",
                "subba": "ZOND",
                "subba-name": "North - NYIS",
                "parent": "NYIS",
                "parent-name": "New York Independent System Operator",
                "value": "646",
                "value-units": "megawatthours"
            },
            {
                "period": "2023-04-18T21",
                "subba": "ZONE",
                "subba-name": "Mohawk Valley - NYIS",
                "parent": "NYIS",
                "parent-name": "New York Independent System Operator",
                "value": "787",
                "value-units": "megawatthours"
            },
            {
                "period": "2023-04-18T21",
                "subba": "ZONF",
                "subba-name": "Capital - NYIS",
                "parent": "NYIS",
                "parent-name": "New York Independent System Operator",
                "value": "1198",
                "value-units": "megawatthours"
            },
            {
                "period": "2023-04-18T21",
                "subba": "ZONG",
                "subba-name": "Hudson Valley - NYIS",
                "parent": "NYIS",
                "parent-name": "New York Independent System Operator",
                "value": "931",
                "value-units": "megawatthours"
            },
            {
                "period": "2023-04-18T21",
                "subba": "ZONH",
                "subba-name": "Millwood - NYIS",
                "parent": "NYIS",
                "parent-name": "New York Independent System Operator",
                "value": "248",
                "value-units": "megawatthours"
            },
            {
                "period": "2023-04-18T21",
                "subba": "ZONI",
                "subba-name": "Dunwoodie - NYIS",
                "parent": "NYIS",
                "parent-name": "New York Independent System Operator",
                "value": "504",
                "value-units": "megawatthours"
            },
            {
                "period": "2023-04-18T21",
                "subba": "ZONJ",
                "subba-name": "New York City - NYIS",
                "parent": "NYIS",
                "parent-name": "New York Independent System Operator",
                "value": "5368",
                "value-units": "megawatthours"
            },
            {
                "period": "2023-04-18T21",
                "subba": "ZONK",
                "subba-name": "Long Island - NYIS",
                "parent": "NYIS",
                "parent-name": "New York Independent System Operator",
                "value": "1678",
                "value-units": "megawatthours"
            },
            {
                "period": "2023-04-18T20",
                "subba": "ZONA",
                "subba-name": "West - NYIS",
                "parent": "NYIS",
                "parent-name": "New York Independent System Operator",
                "value": "1660",
                "value-units": "megawatthours"
            },
            {
                "period": "2023-04-18T20",
                "subba": "ZONB",
                "subba-name": "Genesee - NYIS",
                "parent": "NYIS",
                "parent-name": "New York Independent System Operator",
                "value": "1037",
                "value-units": "megawatthours"
            },
            {
                "period": "2023-04-18T20",
                "subba": "ZONC",
                "subba-name": "Central - NYIS",
                "parent": "NYIS",
                "parent-name": "New York Independent System Operator",
                "value": "1653",
                "value-units": "megawatthours"
            },
            {
                "period": "2023-04-18T20",
                "subba": "ZOND",
                "subba-name": "North - NYIS",
                "parent": "NYIS",
                "parent-name": "New York Independent System Operator",
                "value": "641",
                "value-units": "megawatthours"
            },
            {
                "period": "2023-04-18T20",
                "subba": "ZONE",
                "subba-name": "Mohawk Valley - NYIS",
                "parent": "NYIS",
                "parent-name": "New York Independent System Operator",
                "value": "754",
                "value-units": "megawatthours"
            },
            {
                "period": "2023-04-18T20",
                "subba": "ZONF",
                "subba-name": "Capital - NYIS",
                "parent": "NYIS",
                "parent-name": "New York Independent System Operator",
                "value": "1162",
                "value-units": "megawatthours"
            },
            {
                "period": "2023-04-18T20",
                "subba": "ZONG",
                "subba-name": "Hudson Valley - NYIS",
                "parent": "NYIS",
                "parent-name": "New York Independent System Operator",
                "value": "869",
                "value-units": "megawatthours"
            },
            {
                "period": "2023-04-18T20",
                "subba": "ZONH",
                "subba-name": "Millwood - NYIS",
                "parent": "NYIS",
                "parent-name": "New York Independent System Operator",
                "value": "242",
                "value-units": "megawatthours"
            },
            {
                "period": "2023-04-18T20",
                "subba": "ZONI",
                "subba-name": "Dunwoodie - NYIS",
                "parent": "NYIS",
                "parent-name": "New York Independent System Operator",
                "value": "490",
                "value-units": "megawatthours"
            },
            {
                "period": "2023-04-18T20",
                "subba": "ZONJ",
                "subba-name": "New York City - NYIS",
                "parent": "NYIS",
                "parent-name": "New York Independent System Operator",
                "value": "5310",
                "value-units": "megawatthours"
            },
            {
                "period": "2023-04-18T20",
                "subba": "ZONK",
                "subba-name": "Long Island - NYIS",
                "parent": "NYIS",
                "parent-name": "New York Independent System Operator",
                "value": "1665",
                "value-units": "megawatthours"
            },
            {
                "period": "2023-04-18T19",
                "subba": "ZONA",
                "subba-name": "West - NYIS",
                "parent": "NYIS",
                "parent-name": "New York Independent System Operator",
                "value": "1678",
                "value-units": "megawatthours"
            },
            {
                "period": "2023-04-18T19",
                "subba": "ZONB",
                "subba-name": "Genesee - NYIS",
                "parent": "NYIS",
                "parent-name": "New York Independent System Operator",
                "value": "1041",
                "value-units": "megawatthours"
            },
            {
                "period": "2023-04-18T19",
                "subba": "ZONC",
                "subba-name": "Central - NYIS",
                "parent": "NYIS",
                "parent-name": "New York Independent System Operator",
                "value": "1610",
                "value-units": "megawatthours"
            },
            {
                "period": "2023-04-18T19",
                "subba": "ZOND",
                "subba-name": "North - NYIS",
                "parent": "NYIS",
                "parent-name": "New York Independent System Operator",
                "value": "645",
                "value-units": "megawatthours"
            },
            {
                "period": "2023-04-18T19",
                "subba": "ZONE",
                "subba-name": "Mohawk Valley - NYIS",
                "parent": "NYIS",
                "parent-name": "New York Independent System Operator",
                "value": "718",
                "value-units": "megawatthours"
            },
            {
                "period": "2023-04-18T19",
                "subba": "ZONF",
                "subba-name": "Capital - NYIS",
                "parent": "NYIS",
                "parent-name": "New York Independent System Operator",
                "value": "1137",
                "value-units": "megawatthours"
            },
            {
                "period": "2023-04-18T19",
                "subba": "ZONG",
                "subba-name": "Hudson Valley - NYIS",
                "parent": "NYIS",
                "parent-name": "New York Independent System Operator",
                "value": "878",
                "value-units": "megawatthours"
            },
            {
                "period": "2023-04-18T19",
                "subba": "ZONH",
                "subba-name": "Millwood - NYIS",
                "parent": "NYIS",
                "parent-name": "New York Independent System Operator",
                "value": "248",
                "value-units": "megawatthours"
            },
            {
                "period": "2023-04-18T19",
                "subba": "ZONI",
                "subba-name": "Dunwoodie - NYIS",
                "parent": "NYIS",
                "parent-name": "New York Independent System Operator",
                "value": "506",
                "value-units": "megawatthours"
            },
            {
                "period": "2023-04-18T19",
                "subba": "ZONJ",
                "subba-name": "New York City - NYIS",
                "parent": "NYIS",
                "parent-name": "New York Independent System Operator",
                "value": "5347",
                "value-units": "megawatthours"
            },
            {
                "period": "2023-04-18T19",
                "subba": "ZONK",
                "subba-name": "Long Island - NYIS",
                "parent": "NYIS",
                "parent-name": "New York Independent System Operator",
                "value": "1753",
                "value-units": "megawatthours"
            },
            {
                "period": "2023-04-18T18",
                "subba": "ZONA",
                "subba-name": "West - NYIS",
                "parent": "NYIS",
                "parent-name": "New York Independent System Operator",
                "value": "1675",
                "value-units": "megawatthours"
            },
            {
                "period": "2023-04-18T18",
                "subba": "ZONB",
                "subba-name": "Genesee - NYIS",
                "parent": "NYIS",
                "parent-name": "New York Independent System Operator",
                "value": "1009",
                "value-units": "megawatthours"
            },
            {
                "period": "2023-04-18T18",
                "subba": "ZONC",
                "subba-name": "Central - NYIS",
                "parent": "NYIS",
                "parent-name": "New York Independent System Operator",
                "value": "1571",
                "value-units": "megawatthours"
            },
            {
                "period": "2023-04-18T18",
                "subba": "ZOND",
                "subba-name": "North - NYIS",
                "parent": "NYIS",
                "parent-name": "New York Independent System Operator",
                "value": "646",
                "value-units": "megawatthours"
            },
            {
                "period": "2023-04-18T18",
                "subba": "ZONE",
                "subba-name": "Mohawk Valley - NYIS",
                "parent": "NYIS",
                "parent-name": "New York Independent System Operator",
                "value": "694",
                "value-units": "megawatthours"
            },
            {
                "period": "2023-04-18T18",
                "subba": "ZONF",
                "subba-name": "Capital - NYIS",
                "parent": "NYIS",
                "parent-name": "New York Independent System Operator",
                "value": "1150",
                "value-units": "megawatthours"
            },
            {
                "period": "2023-04-18T18",
                "subba": "ZONG",
                "subba-name": "Hudson Valley - NYIS",
                "parent": "NYIS",
                "parent-name": "New York Independent System Operator",
                "value": "900",
                "value-units": "megawatthours"
            },
            {
                "period": "2023-04-18T18",
                "subba": "ZONH",
                "subba-name": "Millwood - NYIS",
                "parent": "NYIS",
                "parent-name": "New York Independent System Operator",
                "value": "262",
                "value-units": "megawatthours"
            },
            {
                "period": "2023-04-18T18",
                "subba": "ZONI",
                "subba-name": "Dunwoodie - NYIS",
                "parent": "NYIS",
                "parent-name": "New York Independent System Operator",
                "value": "541",
                "value-units": "megawatthours"
            },
            {
                "period": "2023-04-18T18",
                "subba": "ZONJ",
                "subba-name": "New York City - NYIS",
                "parent": "NYIS",
                "parent-name": "New York Independent System Operator",
                "value": "5438",
                "value-units": "megawatthours"
            },
            {
                "period": "2023-04-18T18",
                "subba": "ZONK",
                "subba-name": "Long Island - NYIS",
                "parent": "NYIS",
                "parent-name": "New York Independent System Operator",
                "value": "1800",
                "value-units": "megawatthours"
            },
            {
                "period": "2023-04-18T17",
                "subba": "ZONA",
                "subba-name": "West - NYIS",
                "parent": "NYIS",
                "parent-name": "New York Independent System Operator",
                "value": "1661",
                "value-units": "megawatthours"
            },
            {
                "period": "2023-04-18T17",
                "subba": "ZONB",
                "subba-name": "Genesee - NYIS",
                "parent": "NYIS",
                "parent-name": "New York Independent System Operator",
                "value": "1018",
                "value-units": "megawatthours"
            },
            {
                "period": "2023-04-18T17",
                "subba": "ZONC",
                "subba-name": "Central - NYIS",
                "parent": "NYIS",
                "parent-name": "New York Independent System Operator",
                "value": "1558",
                "value-units": "megawatthours"
            },
            {
                "period": "2023-04-18T17",
                "subba": "ZOND",
                "subba-name": "North - NYIS",
                "parent": "NYIS",
                "parent-name": "New York Independent System Operator",
                "value": "643",
                "value-units": "megawatthours"
            },
            {
                "period": "2023-04-18T17",
                "subba": "ZONE",
                "subba-name": "Mohawk Valley - NYIS",
                "parent": "NYIS",
                "parent-name": "New York Independent System Operator",
                "value": "706",
                "value-units": "megawatthours"
            },
            {
                "period": "2023-04-18T17",
                "subba": "ZONF",
                "subba-name": "Capital - NYIS",
                "parent": "NYIS",
                "parent-name": "New York Independent System Operator",
                "value": "1187",
                "value-units": "megawatthours"
            },
            {
                "period": "2023-04-18T17",
                "subba": "ZONG",
                "subba-name": "Hudson Valley - NYIS",
                "parent": "NYIS",
                "parent-name": "New York Independent System Operator",
                "value": "914",
                "value-units": "megawatthours"
            },
            {
                "period": "2023-04-18T17",
                "subba": "ZONH",
                "subba-name": "Millwood - NYIS",
                "parent": "NYIS",
                "parent-name": "New York Independent System Operator",
                "value": "253",
                "value-units": "megawatthours"
            },
            {
                "period": "2023-04-18T17",
                "subba": "ZONI",
                "subba-name": "Dunwoodie - NYIS",
                "parent": "NYIS",
                "parent-name": "New York Independent System Operator",
                "value": "552",
                "value-units": "megawatthours"
            },
            {
                "period": "2023-04-18T17",
                "subba": "ZONJ",
                "subba-name": "New York City - NYIS",
                "parent": "NYIS",
                "parent-name": "New York Independent System Operator",
                "value": "5402",
                "value-units": "megawatthours"
            },
            {
                "period": "2023-04-18T17",
                "subba": "ZONK",
                "subba-name": "Long Island - NYIS",
                "parent": "NYIS",
                "parent-name": "New York Independent System Operator",
                "value": "1722",
                "value-units": "megawatthours"
            },
            {
                "period": "2023-04-18T16",
                "subba": "ZONA",
                "subba-name": "West - NYIS",
                "parent": "NYIS",
                "parent-name": "New York Independent System Operator",
                "value": "1667",
                "value-units": "megawatthours"
            },
            {
                "period": "2023-04-18T16",
                "subba": "ZONB",
                "subba-name": "Genesee - NYIS",
                "parent": "NYIS",
                "parent-name": "New York Independent System Operator",
                "value": "999",
                "value-units": "megawatthours"
            },
            {
                "period": "2023-04-18T16",
                "subba": "ZONC",
                "subba-name": "Central - NYIS",
                "parent": "NYIS",
                "parent-name": "New York Independent System Operator",
                "value": "1583",
                "value-units": "megawatthours"
            },
            {
                "period": "2023-04-18T16",
                "subba": "ZOND",
                "subba-name": "North - NYIS",
                "parent": "NYIS",
                "parent-name": "New York Independent System Operator",
                "value": "653",
                "value-units": "megawatthours"
            },
            {
                "period": "2023-04-18T16",
                "subba": "ZONE",
                "subba-name": "Mohawk Valley - NYIS",
                "parent": "NYIS",
                "parent-name": "New York Independent System Operator",
                "value": "747",
                "value-units": "megawatthours"
            },
            {
                "period": "2023-04-18T16",
                "subba": "ZONF",
                "subba-name": "Capital - NYIS",
                "parent": "NYIS",
                "parent-name": "New York Independent System Operator",
                "value": "1178",
                "value-units": "megawatthours"
            },
            {
                "period": "2023-04-18T16",
                "subba": "ZONG",
                "subba-name": "Hudson Valley - NYIS",
                "parent": "NYIS",
                "parent-name": "New York Independent System Operator",
                "value": "908",
                "value-units": "megawatthours"
            },
            {
                "period": "2023-04-18T16",
                "subba": "ZONH",
                "subba-name": "Millwood - NYIS",
                "parent": "NYIS",
                "parent-name": "New York Independent System Operator",
                "value": "279",
                "value-units": "megawatthours"
            },
            {
                "period": "2023-04-18T16",
                "subba": "ZONI",
                "subba-name": "Dunwoodie - NYIS",
                "parent": "NYIS",
                "parent-name": "New York Independent System Operator",
                "value": "564",
                "value-units": "megawatthours"
            },
            {
                "period": "2023-04-18T16",
                "subba": "ZONJ",
                "subba-name": "New York City - NYIS",
                "parent": "NYIS",
                "parent-name": "New York Independent System Operator",
                "value": "5395",
                "value-units": "megawatthours"
            },
            {
                "period": "2023-04-18T16",
                "subba": "ZONK",
                "subba-name": "Long Island - NYIS",
                "parent": "NYIS",
                "parent-name": "New York Independent System Operator",
                "value": "1875",
                "value-units": "megawatthours"
            },
            {
                "period": "2023-04-18T15",
                "subba": "ZONA",
                "subba-name": "West - NYIS",
                "parent": "NYIS",
                "parent-name": "New York Independent System Operator",
                "value": "1686",
                "value-units": "megawatthours"
            },
            {
                "period": "2023-04-18T15",
                "subba": "ZONB",
                "subba-name": "Genesee - NYIS",
                "parent": "NYIS",
                "parent-name": "New York Independent System Operator",
                "value": "1051",
                "value-units": "megawatthours"
            },
            {
                "period": "2023-04-18T15",
                "subba": "ZONC",
                "subba-name": "Central - NYIS",
                "parent": "NYIS",
                "parent-name": "New York Independent System Operator",
                "value": "1664",
                "value-units": "megawatthours"
            },
            {
                "period": "2023-04-18T15",
                "subba": "ZOND",
                "subba-name": "North - NYIS",
                "parent": "NYIS",
                "parent-name": "New York Independent System Operator",
                "value": "644",
                "value-units": "megawatthours"
            },
            {
                "period": "2023-04-18T15",
                "subba": "ZONE",
                "subba-name": "Mohawk Valley - NYIS",
                "parent": "NYIS",
                "parent-name": "New York Independent System Operator",
                "value": "754",
                "value-units": "megawatthours"
            },
            {
                "period": "2023-04-18T15",
                "subba": "ZONF",
                "subba-name": "Capital - NYIS",
                "parent": "NYIS",
                "parent-name": "New York Independent System Operator",
                "value": "1192",
                "value-units": "megawatthours"
            },
            {
                "period": "2023-04-18T15",
                "subba": "ZONG",
                "subba-name": "Hudson Valley - NYIS",
                "parent": "NYIS",
                "parent-name": "New York Independent System Operator",
                "value": "953",
                "value-units": "megawatthours"
            },
            {
                "period": "2023-04-18T15",
                "subba": "ZONH",
                "subba-name": "Millwood - NYIS",
                "parent": "NYIS",
                "parent-name": "New York Independent System Operator",
                "value": "270",
                "value-units": "megawatthours"
            },
            {
                "period": "2023-04-18T15",
                "subba": "ZONI",
                "subba-name": "Dunwoodie - NYIS",
                "parent": "NYIS",
                "parent-name": "New York Independent System Operator",
                "value": "557",
                "value-units": "megawatthours"
            },
            {
                "period": "2023-04-18T15",
                "subba": "ZONJ",
                "subba-name": "New York City - NYIS",
                "parent": "NYIS",
                "parent-name": "New York Independent System Operator",
                "value": "5426",
                "value-units": "megawatthours"
            },
            {
                "period": "2023-04-18T15",
                "subba": "ZONK",
                "subba-name": "Long Island - NYIS",
                "parent": "NYIS",
                "parent-name": "New York Independent System Operator",
                "value": "1824",
                "value-units": "megawatthours"
            },
            {
                "period": "2023-04-18T14",
                "subba": "ZONA",
                "subba-name": "West - NYIS",
                "parent": "NYIS",
                "parent-name": "New York Independent System Operator",
                "value": "1699",
                "value-units": "megawatthours"
            },
            {
                "period": "2023-04-18T14",
                "subba": "ZONB",
                "subba-name": "Genesee - NYIS",
                "parent": "NYIS",
                "parent-name": "New York Independent System Operator",
                "value": "1069",
                "value-units": "megawatthours"
            },
            {
                "period": "2023-04-18T14",
                "subba": "ZONC",
                "subba-name": "Central - NYIS",
                "parent": "NYIS",
                "parent-name": "New York Independent System Operator",
                "value": "1700",
                "value-units": "megawatthours"
            },
            {
                "period": "2023-04-18T14",
                "subba": "ZOND",
                "subba-name": "North - NYIS",
                "parent": "NYIS",
                "parent-name": "New York Independent System Operator",
                "value": "644",
                "value-units": "megawatthours"
            },
            {
                "period": "2023-04-18T14",
                "subba": "ZONE",
                "subba-name": "Mohawk Valley - NYIS",
                "parent": "NYIS",
                "parent-name": "New York Independent System Operator",
                "value": "773",
                "value-units": "megawatthours"
            },
            {
                "period": "2023-04-18T14",
                "subba": "ZONF",
                "subba-name": "Capital - NYIS",
                "parent": "NYIS",
                "parent-name": "New York Independent System Operator",
                "value": "1209",
                "value-units": "megawatthours"
            },
            {
                "period": "2023-04-18T14",
                "subba": "ZONG",
                "subba-name": "Hudson Valley - NYIS",
                "parent": "NYIS",
                "parent-name": "New York Independent System Operator",
                "value": "956",
                "value-units": "megawatthours"
            },
            {
                "period": "2023-04-18T14",
                "subba": "ZONH",
                "subba-name": "Millwood - NYIS",
                "parent": "NYIS",
                "parent-name": "New York Independent System Operator",
                "value": "270",
                "value-units": "megawatthours"
            },
            {
                "period": "2023-04-18T14",
                "subba": "ZONI",
                "subba-name": "Dunwoodie - NYIS",
                "parent": "NYIS",
                "parent-name": "New York Independent System Operator",
                "value": "541",
                "value-units": "megawatthours"
            },
            {
                "period": "2023-04-18T14",
                "subba": "ZONJ",
                "subba-name": "New York City - NYIS",
                "parent": "NYIS",
                "parent-name": "New York Independent System Operator",
                "value": "5285",
                "value-units": "megawatthours"
            },
            {
                "period": "2023-04-18T14",
                "subba": "ZONK",
                "subba-name": "Long Island - NYIS",
                "parent": "NYIS",
                "parent-name": "New York Independent System Operator",
                "value": "1703",
                "value-units": "megawatthours"
            },
            {
                "period": "2023-04-18T13",
                "subba": "ZONA",
                "subba-name": "West - NYIS",
                "parent": "NYIS",
                "parent-name": "New York Independent System Operator",
                "value": "1685",
                "value-units": "megawatthours"
            },
            {
                "period": "2023-04-18T13",
                "subba": "ZONB",
                "subba-name": "Genesee - NYIS",
                "parent": "NYIS",
                "parent-name": "New York Independent System Operator",
                "value": "1086",
                "value-units": "megawatthours"
            },
            {
                "period": "2023-04-18T13",
                "subba": "ZONC",
                "subba-name": "Central - NYIS",
                "parent": "NYIS",
                "parent-name": "New York Independent System Operator",
                "value": "1728",
                "value-units": "megawatthours"
            },
            {
                "period": "2023-04-18T13",
                "subba": "ZOND",
                "subba-name": "North - NYIS",
                "parent": "NYIS",
                "parent-name": "New York Independent System Operator",
                "value": "643",
                "value-units": "megawatthours"
            },
            {
                "period": "2023-04-18T13",
                "subba": "ZONE",
                "subba-name": "Mohawk Valley - NYIS",
                "parent": "NYIS",
                "parent-name": "New York Independent System Operator",
                "value": "798",
                "value-units": "megawatthours"
            },
            {
                "period": "2023-04-18T13",
                "subba": "ZONF",
                "subba-name": "Capital - NYIS",
                "parent": "NYIS",
                "parent-name": "New York Independent System Operator",
                "value": "1209",
                "value-units": "megawatthours"
            },
            {
                "period": "2023-04-18T13",
                "subba": "ZONG",
                "subba-name": "Hudson Valley - NYIS",
                "parent": "NYIS",
                "parent-name": "New York Independent System Operator",
                "value": "923",
                "value-units": "megawatthours"
            },
            {
                "period": "2023-04-18T13",
                "subba": "ZONH",
                "subba-name": "Millwood - NYIS",
                "parent": "NYIS",
                "parent-name": "New York Independent System Operator",
                "value": "249",
                "value-units": "megawatthours"
            },
            {
                "period": "2023-04-18T13",
                "subba": "ZONI",
                "subba-name": "Dunwoodie - NYIS",
                "parent": "NYIS",
                "parent-name": "New York Independent System Operator",
                "value": "522",
                "value-units": "megawatthours"
            },
            {
                "period": "2023-04-18T13",
                "subba": "ZONJ",
                "subba-name": "New York City - NYIS",
                "parent": "NYIS",
                "parent-name": "New York Independent System Operator",
                "value": "5138",
                "value-units": "megawatthours"
            },
            {
                "period": "2023-04-18T13",
                "subba": "ZONK",
                "subba-name": "Long Island - NYIS",
                "parent": "NYIS",
                "parent-name": "New York Independent System Operator",
                "value": "1719",
                "value-units": "megawatthours"
            },
            {
                "period": "2023-04-18T12",
                "subba": "ZONA",
                "subba-name": "West - NYIS",
                "parent": "NYIS",
                "parent-name": "New York Independent System Operator",
                "value": "1638",
                "value-units": "megawatthours"
            },
            {
                "period": "2023-04-18T12",
                "subba": "ZONB",
                "subba-name": "Genesee - NYIS",
                "parent": "NYIS",
                "parent-name": "New York Independent System Operator",
                "value": "1072",
                "value-units": "megawatthours"
            },
            {
                "period": "2023-04-18T12",
                "subba": "ZONC",
                "subba-name": "Central - NYIS",
                "parent": "NYIS",
                "parent-name": "New York Independent System Operator",
                "value": "1697",
                "value-units": "megawatthours"
            },
            {
                "period": "2023-04-18T12",
                "subba": "ZOND",
                "subba-name": "North - NYIS",
                "parent": "NYIS",
                "parent-name": "New York Independent System Operator",
                "value": "639",
                "value-units": "megawatthours"
            },
            {
                "period": "2023-04-18T12",
                "subba": "ZONE",
                "subba-name": "Mohawk Valley - NYIS",
                "parent": "NYIS",
                "parent-name": "New York Independent System Operator",
                "value": "805",
                "value-units": "megawatthours"
            },
            {
                "period": "2023-04-18T12",
                "subba": "ZONF",
                "subba-name": "Capital - NYIS",
                "parent": "NYIS",
                "parent-name": "New York Independent System Operator",
                "value": "1188",
                "value-units": "megawatthours"
            },
            {
                "period": "2023-04-18T12",
                "subba": "ZONG",
                "subba-name": "Hudson Valley - NYIS",
                "parent": "NYIS",
                "parent-name": "New York Independent System Operator",
                "value": "918",
                "value-units": "megawatthours"
            },
            {
                "period": "2023-04-18T12",
                "subba": "ZONH",
                "subba-name": "Millwood - NYIS",
                "parent": "NYIS",
                "parent-name": "New York Independent System Operator",
                "value": "249",
                "value-units": "megawatthours"
            },
            {
                "period": "2023-04-18T12",
                "subba": "ZONI",
                "subba-name": "Dunwoodie - NYIS",
                "parent": "NYIS",
                "parent-name": "New York Independent System Operator",
                "value": "503",
                "value-units": "megawatthours"
            },
            {
                "period": "2023-04-18T12",
                "subba": "ZONJ",
                "subba-name": "New York City - NYIS",
                "parent": "NYIS",
                "parent-name": "New York Independent System Operator",
                "value": "4874",
                "value-units": "megawatthours"
            },
            {
                "period": "2023-04-18T12",
                "subba": "ZONK",
                "subba-name": "Long Island - NYIS",
                "parent": "NYIS",
                "parent-name": "New York Independent System Operator",
                "value": "1755",
                "value-units": "megawatthours"
            },
            {
                "period": "2023-04-18T11",
                "subba": "ZONA",
                "subba-name": "West - NYIS",
                "parent": "NYIS",
                "parent-name": "New York Independent System Operator",
                "value": "1575",
                "value-units": "megawatthours"
            },
            {
                "period": "2023-04-18T11",
                "subba": "ZONB",
                "subba-name": "Genesee - NYIS",
                "parent": "NYIS",
                "parent-name": "New York Independent System Operator",
                "value": "1014",
                "value-units": "megawatthours"
            },
            {
                "period": "2023-04-18T11",
                "subba": "ZONC",
                "subba-name": "Central - NYIS",
                "parent": "NYIS",
                "parent-name": "New York Independent System Operator",
                "value": "1583",
                "value-units": "megawatthours"
            },
            {
                "period": "2023-04-18T11",
                "subba": "ZOND",
                "subba-name": "North - NYIS",
                "parent": "NYIS",
                "parent-name": "New York Independent System Operator",
                "value": "624",
                "value-units": "megawatthours"
            },
            {
                "period": "2023-04-18T11",
                "subba": "ZONE",
                "subba-name": "Mohawk Valley - NYIS",
                "parent": "NYIS",
                "parent-name": "New York Independent System Operator",
                "value": "765",
                "value-units": "megawatthours"
            },
            {
                "period": "2023-04-18T11",
                "subba": "ZONF",
                "subba-name": "Capital - NYIS",
                "parent": "NYIS",
                "parent-name": "New York Independent System Operator",
                "value": "1118",
                "value-units": "megawatthours"
            },
            {
                "period": "2023-04-18T11",
                "subba": "ZONG",
                "subba-name": "Hudson Valley - NYIS",
                "parent": "NYIS",
                "parent-name": "New York Independent System Operator",
                "value": "882",
                "value-units": "megawatthours"
            },
            {
                "period": "2023-04-18T11",
                "subba": "ZONH",
                "subba-name": "Millwood - NYIS",
                "parent": "NYIS",
                "parent-name": "New York Independent System Operator",
                "value": "238",
                "value-units": "megawatthours"
            },
            {
                "period": "2023-04-18T11",
                "subba": "ZONI",
                "subba-name": "Dunwoodie - NYIS",
                "parent": "NYIS",
                "parent-name": "New York Independent System Operator",
                "value": "464",
                "value-units": "megawatthours"
            },
            {
                "period": "2023-04-18T11",
                "subba": "ZONJ",
                "subba-name": "New York City - NYIS",
                "parent": "NYIS",
                "parent-name": "New York Independent System Operator",
                "value": "4448",
                "value-units": "megawatthours"
            },
            {
                "period": "2023-04-18T11",
                "subba": "ZONK",
                "subba-name": "Long Island - NYIS",
                "parent": "NYIS",
                "parent-name": "New York Independent System Operator",
                "value": "1706",
                "value-units": "megawatthours"
            },
            {
                "period": "2023-04-18T10",
                "subba": "ZONA",
                "subba-name": "West - NYIS",
                "parent": "NYIS",
                "parent-name": "New York Independent System Operator",
                "value": "1473",
                "value-units": "megawatthours"
            },
            {
                "period": "2023-04-18T10",
                "subba": "ZONB",
                "subba-name": "Genesee - NYIS",
                "parent": "NYIS",
                "parent-name": "New York Independent System Operator",
                "value": "918",
                "value-units": "megawatthours"
            },
            {
                "period": "2023-04-18T10",
                "subba": "ZONC",
                "subba-name": "Central - NYIS",
                "parent": "NYIS",
                "parent-name": "New York Independent System Operator",
                "value": "1422",
                "value-units": "megawatthours"
            },
            {
                "period": "2023-04-18T10",
                "subba": "ZOND",
                "subba-name": "North - NYIS",
                "parent": "NYIS",
                "parent-name": "New York Independent System Operator",
                "value": "598",
                "value-units": "megawatthours"
            },
            {
                "period": "2023-04-18T10",
                "subba": "ZONE",
                "subba-name": "Mohawk Valley - NYIS",
                "parent": "NYIS",
                "parent-name": "New York Independent System Operator",
                "value": "680",
                "value-units": "megawatthours"
            },
            {
                "period": "2023-04-18T10",
                "subba": "ZONF",
                "subba-name": "Capital - NYIS",
                "parent": "NYIS",
                "parent-name": "New York Independent System Operator",
                "value": "1005",
                "value-units": "megawatthours"
            },
            {
                "period": "2023-04-18T10",
                "subba": "ZONG",
                "subba-name": "Hudson Valley - NYIS",
                "parent": "NYIS",
                "parent-name": "New York Independent System Operator",
                "value": "809",
                "value-units": "megawatthours"
            },
            {
                "period": "2023-04-18T10",
                "subba": "ZONH",
                "subba-name": "Millwood - NYIS",
                "parent": "NYIS",
                "parent-name": "New York Independent System Operator",
                "value": "214",
                "value-units": "megawatthours"
            },
            {
                "period": "2023-04-18T10",
                "subba": "ZONI",
                "subba-name": "Dunwoodie - NYIS",
                "parent": "NYIS",
                "parent-name": "New York Independent System Operator",
                "value": "415",
                "value-units": "megawatthours"
            },
            {
                "period": "2023-04-18T10",
                "subba": "ZONJ",
                "subba-name": "New York City - NYIS",
                "parent": "NYIS",
                "parent-name": "New York Independent System Operator",
                "value": "4028",
                "value-units": "megawatthours"
            },
            {
                "period": "2023-04-18T10",
                "subba": "ZONK",
                "subba-name": "Long Island - NYIS",
                "parent": "NYIS",
                "parent-name": "New York Independent System Operator",
                "value": "1568",
                "value-units": "megawatthours"
            },
            {
                "period": "2023-04-18T09",
                "subba": "ZONA",
                "subba-name": "West - NYIS",
                "parent": "NYIS",
                "parent-name": "New York Independent System Operator",
                "value": "1385",
                "value-units": "megawatthours"
            },
            {
                "period": "2023-04-18T09",
                "subba": "ZONB",
                "subba-name": "Genesee - NYIS",
                "parent": "NYIS",
                "parent-name": "New York Independent System Operator",
                "value": "853",
                "value-units": "megawatthours"
            },
            {
                "period": "2023-04-18T09",
                "subba": "ZONC",
                "subba-name": "Central - NYIS",
                "parent": "NYIS",
                "parent-name": "New York Independent System Operator",
                "value": "1326",
                "value-units": "megawatthours"
            },
            {
                "period": "2023-04-18T09",
                "subba": "ZOND",
                "subba-name": "North - NYIS",
                "parent": "NYIS",
                "parent-name": "New York Independent System Operator",
                "value": "587",
                "value-units": "megawatthours"
            },
            {
                "period": "2023-04-18T09",
                "subba": "ZONE",
                "subba-name": "Mohawk Valley - NYIS",
                "parent": "NYIS",
                "parent-name": "New York Independent System Operator",
                "value": "628",
                "value-units": "megawatthours"
            },
            {
                "period": "2023-04-18T09",
                "subba": "ZONF",
                "subba-name": "Capital - NYIS",
                "parent": "NYIS",
                "parent-name": "New York Independent System Operator",
                "value": "937",
                "value-units": "megawatthours"
            },
            {
                "period": "2023-04-18T09",
                "subba": "ZONG",
                "subba-name": "Hudson Valley - NYIS",
                "parent": "NYIS",
                "parent-name": "New York Independent System Operator",
                "value": "762",
                "value-units": "megawatthours"
            },
            {
                "period": "2023-04-18T09",
                "subba": "ZONH",
                "subba-name": "Millwood - NYIS",
                "parent": "NYIS",
                "parent-name": "New York Independent System Operator",
                "value": "197",
                "value-units": "megawatthours"
            },
            {
                "period": "2023-04-18T09",
                "subba": "ZONI",
                "subba-name": "Dunwoodie - NYIS",
                "parent": "NYIS",
                "parent-name": "New York Independent System Operator",
                "value": "390",
                "value-units": "megawatthours"
            },
            {
                "period": "2023-04-18T09",
                "subba": "ZONJ",
                "subba-name": "New York City - NYIS",
                "parent": "NYIS",
                "parent-name": "New York Independent System Operator",
                "value": "3833",
                "value-units": "megawatthours"
            },
            {
                "period": "2023-04-18T09",
                "subba": "ZONK",
                "subba-name": "Long Island - NYIS",
                "parent": "NYIS",
                "parent-name": "New York Independent System Operator",
                "value": "1451",
                "value-units": "megawatthours"
            },
            {
                "period": "2023-04-18T08",
                "subba": "ZONA",
                "subba-name": "West - NYIS",
                "parent": "NYIS",
                "parent-name": "New York Independent System Operator",
                "value": "1365",
                "value-units": "megawatthours"
            },
            {
                "period": "2023-04-18T08",
                "subba": "ZONB",
                "subba-name": "Genesee - NYIS",
                "parent": "NYIS",
                "parent-name": "New York Independent System Operator",
                "value": "831",
                "value-units": "megawatthours"
            },
            {
                "period": "2023-04-18T08",
                "subba": "ZONC",
                "subba-name": "Central - NYIS",
                "parent": "NYIS",
                "parent-name": "New York Independent System Operator",
                "value": "1286",
                "value-units": "megawatthours"
            },
            {
                "period": "2023-04-18T08",
                "subba": "ZOND",
                "subba-name": "North - NYIS",
                "parent": "NYIS",
                "parent-name": "New York Independent System Operator",
                "value": "586",
                "value-units": "megawatthours"
            },
            {
                "period": "2023-04-18T08",
                "subba": "ZONE",
                "subba-name": "Mohawk Valley - NYIS",
                "parent": "NYIS",
                "parent-name": "New York Independent System Operator",
                "value": "605",
                "value-units": "megawatthours"
            },
            {
                "period": "2023-04-18T08",
                "subba": "ZONF",
                "subba-name": "Capital - NYIS",
                "parent": "NYIS",
                "parent-name": "New York Independent System Operator",
                "value": "907",
                "value-units": "megawatthours"
            },
            {
                "period": "2023-04-18T08",
                "subba": "ZONG",
                "subba-name": "Hudson Valley - NYIS",
                "parent": "NYIS",
                "parent-name": "New York Independent System Operator",
                "value": "751",
                "value-units": "megawatthours"
            },
            {
                "period": "2023-04-18T08",
                "subba": "ZONH",
                "subba-name": "Millwood - NYIS",
                "parent": "NYIS",
                "parent-name": "New York Independent System Operator",
                "value": "193",
                "value-units": "megawatthours"
            },
            {
                "period": "2023-04-18T08",
                "subba": "ZONI",
                "subba-name": "Dunwoodie - NYIS",
                "parent": "NYIS",
                "parent-name": "New York Independent System Operator",
                "value": "386",
                "value-units": "megawatthours"
            },
            {
                "period": "2023-04-18T08",
                "subba": "ZONJ",
                "subba-name": "New York City - NYIS",
                "parent": "NYIS",
                "parent-name": "New York Independent System Operator",
                "value": "3804",
                "value-units": "megawatthours"
            },
            {
                "period": "2023-04-18T08",
                "subba": "ZONK",
                "subba-name": "Long Island - NYIS",
                "parent": "NYIS",
                "parent-name": "New York Independent System Operator",
                "value": "1420",
                "value-units": "megawatthours"
            },
            {
                "period": "2023-04-18T07",
                "subba": "ZONA",
                "subba-name": "West - NYIS",
                "parent": "NYIS",
                "parent-name": "New York Independent System Operator",
                "value": "1369",
                "value-units": "megawatthours"
            },
            {
                "period": "2023-04-18T07",
                "subba": "ZONB",
                "subba-name": "Genesee - NYIS",
                "parent": "NYIS",
                "parent-name": "New York Independent System Operator",
                "value": "834",
                "value-units": "megawatthours"
            },
            {
                "period": "2023-04-18T07",
                "subba": "ZONC",
                "subba-name": "Central - NYIS",
                "parent": "NYIS",
                "parent-name": "New York Independent System Operator",
                "value": "1290",
                "value-units": "megawatthours"
            },
            {
                "period": "2023-04-18T07",
                "subba": "ZOND",
                "subba-name": "North - NYIS",
                "parent": "NYIS",
                "parent-name": "New York Independent System Operator",
                "value": "587",
                "value-units": "megawatthours"
            },
            {
                "period": "2023-04-18T07",
                "subba": "ZONE",
                "subba-name": "Mohawk Valley - NYIS",
                "parent": "NYIS",
                "parent-name": "New York Independent System Operator",
                "value": "607",
                "value-units": "megawatthours"
            },
            {
                "period": "2023-04-18T07",
                "subba": "ZONF",
                "subba-name": "Capital - NYIS",
                "parent": "NYIS",
                "parent-name": "New York Independent System Operator",
                "value": "903",
                "value-units": "megawatthours"
            },
            {
                "period": "2023-04-18T07",
                "subba": "ZONG",
                "subba-name": "Hudson Valley - NYIS",
                "parent": "NYIS",
                "parent-name": "New York Independent System Operator",
                "value": "758",
                "value-units": "megawatthours"
            },
            {
                "period": "2023-04-18T07",
                "subba": "ZONH",
                "subba-name": "Millwood - NYIS",
                "parent": "NYIS",
                "parent-name": "New York Independent System Operator",
                "value": "192",
                "value-units": "megawatthours"
            },
            {
                "period": "2023-04-18T07",
                "subba": "ZONI",
                "subba-name": "Dunwoodie - NYIS",
                "parent": "NYIS",
                "parent-name": "New York Independent System Operator",
                "value": "392",
                "value-units": "megawatthours"
            },
            {
                "period": "2023-04-18T07",
                "subba": "ZONJ",
                "subba-name": "New York City - NYIS",
                "parent": "NYIS",
                "parent-name": "New York Independent System Operator",
                "value": "3867",
                "value-units": "megawatthours"
            },
            {
                "period": "2023-04-18T07",
                "subba": "ZONK",
                "subba-name": "Long Island - NYIS",
                "parent": "NYIS",
                "parent-name": "New York Independent System Operator",
                "value": "1439",
                "value-units": "megawatthours"
            },
            {
                "period": "2023-04-18T06",
                "subba": "ZONA",
                "subba-name": "West - NYIS",
                "parent": "NYIS",
                "parent-name": "New York Independent System Operator",
                "value": "1374",
                "value-units": "megawatthours"
            },
            {
                "period": "2023-04-18T06",
                "subba": "ZONB",
                "subba-name": "Genesee - NYIS",
                "parent": "NYIS",
                "parent-name": "New York Independent System Operator",
                "value": "845",
                "value-units": "megawatthours"
            },
            {
                "period": "2023-04-18T06",
                "subba": "ZONC",
                "subba-name": "Central - NYIS",
                "parent": "NYIS",
                "parent-name": "New York Independent System Operator",
                "value": "1287",
                "value-units": "megawatthours"
            },
            {
                "period": "2023-04-18T06",
                "subba": "ZOND",
                "subba-name": "North - NYIS",
                "parent": "NYIS",
                "parent-name": "New York Independent System Operator",
                "value": "583",
                "value-units": "megawatthours"
            },
            {
                "period": "2023-04-18T06",
                "subba": "ZONE",
                "subba-name": "Mohawk Valley - NYIS",
                "parent": "NYIS",
                "parent-name": "New York Independent System Operator",
                "value": "610",
                "value-units": "megawatthours"
            },
            {
                "period": "2023-04-18T06",
                "subba": "ZONF",
                "subba-name": "Capital - NYIS",
                "parent": "NYIS",
                "parent-name": "New York Independent System Operator",
                "value": "919",
                "value-units": "megawatthours"
            },
            {
                "period": "2023-04-18T06",
                "subba": "ZONG",
                "subba-name": "Hudson Valley - NYIS",
                "parent": "NYIS",
                "parent-name": "New York Independent System Operator",
                "value": "777",
                "value-units": "megawatthours"
            },
            {
                "period": "2023-04-18T06",
                "subba": "ZONH",
                "subba-name": "Millwood - NYIS",
                "parent": "NYIS",
                "parent-name": "New York Independent System Operator",
                "value": "192",
                "value-units": "megawatthours"
            },
            {
                "period": "2023-04-18T06",
                "subba": "ZONI",
                "subba-name": "Dunwoodie - NYIS",
                "parent": "NYIS",
                "parent-name": "New York Independent System Operator",
                "value": "403",
                "value-units": "megawatthours"
            },
            {
                "period": "2023-04-18T06",
                "subba": "ZONJ",
                "subba-name": "New York City - NYIS",
                "parent": "NYIS",
                "parent-name": "New York Independent System Operator",
                "value": "3985",
                "value-units": "megawatthours"
            },
            {
                "period": "2023-04-18T06",
                "subba": "ZONK",
                "subba-name": "Long Island - NYIS",
                "parent": "NYIS",
                "parent-name": "New York Independent System Operator",
                "value": "1487",
                "value-units": "megawatthours"
            },
            {
                "period": "2023-04-18T05",
                "subba": "ZONA",
                "subba-name": "West - NYIS",
                "parent": "NYIS",
                "parent-name": "New York Independent System Operator",
                "value": "1413",
                "value-units": "megawatthours"
            },
            {
                "period": "2023-04-18T05",
                "subba": "ZONB",
                "subba-name": "Genesee - NYIS",
                "parent": "NYIS",
                "parent-name": "New York Independent System Operator",
                "value": "867",
                "value-units": "megawatthours"
            },
            {
                "period": "2023-04-18T05",
                "subba": "ZONC",
                "subba-name": "Central - NYIS",
                "parent": "NYIS",
                "parent-name": "New York Independent System Operator",
                "value": "1317",
                "value-units": "megawatthours"
            },
            {
                "period": "2023-04-18T05",
                "subba": "ZOND",
                "subba-name": "North - NYIS",
                "parent": "NYIS",
                "parent-name": "New York Independent System Operator",
                "value": "602",
                "value-units": "megawatthours"
            },
            {
                "period": "2023-04-18T05",
                "subba": "ZONE",
                "subba-name": "Mohawk Valley - NYIS",
                "parent": "NYIS",
                "parent-name": "New York Independent System Operator",
                "value": "622",
                "value-units": "megawatthours"
            },
            {
                "period": "2023-04-18T05",
                "subba": "ZONF",
                "subba-name": "Capital - NYIS",
                "parent": "NYIS",
                "parent-name": "New York Independent System Operator",
                "value": "946",
                "value-units": "megawatthours"
            },
            {
                "period": "2023-04-18T05",
                "subba": "ZONG",
                "subba-name": "Hudson Valley - NYIS",
                "parent": "NYIS",
                "parent-name": "New York Independent System Operator",
                "value": "814",
                "value-units": "megawatthours"
            },
            {
                "period": "2023-04-18T05",
                "subba": "ZONH",
                "subba-name": "Millwood - NYIS",
                "parent": "NYIS",
                "parent-name": "New York Independent System Operator",
                "value": "202",
                "value-units": "megawatthours"
            },
            {
                "period": "2023-04-18T05",
                "subba": "ZONI",
                "subba-name": "Dunwoodie - NYIS",
                "parent": "NYIS",
                "parent-name": "New York Independent System Operator",
                "value": "421",
                "value-units": "megawatthours"
            },
            {
                "period": "2023-04-18T05",
                "subba": "ZONJ",
                "subba-name": "New York City - NYIS",
                "parent": "NYIS",
                "parent-name": "New York Independent System Operator",
                "value": "4176",
                "value-units": "megawatthours"
            },
            {
                "period": "2023-04-18T05",
                "subba": "ZONK",
                "subba-name": "Long Island - NYIS",
                "parent": "NYIS",
                "parent-name": "New York Independent System Operator",
                "value": "1563",
                "value-units": "megawatthours"
            },
            {
                "period": "2023-04-18T04",
                "subba": "ZONA",
                "subba-name": "West - NYIS",
                "parent": "NYIS",
                "parent-name": "New York Independent System Operator",
                "value": "1467",
                "value-units": "megawatthours"
            },
            {
                "period": "2023-04-18T04",
                "subba": "ZONB",
                "subba-name": "Genesee - NYIS",
                "parent": "NYIS",
                "parent-name": "New York Independent System Operator",
                "value": "908",
                "value-units": "megawatthours"
            },
            {
                "period": "2023-04-18T04",
                "subba": "ZONC",
                "subba-name": "Central - NYIS",
                "parent": "NYIS",
                "parent-name": "New York Independent System Operator",
                "value": "1374",
                "value-units": "megawatthours"
            },
            {
                "period": "2023-04-18T04",
                "subba": "ZOND",
                "subba-name": "North - NYIS",
                "parent": "NYIS",
                "parent-name": "New York Independent System Operator",
                "value": "607",
                "value-units": "megawatthours"
            },
            {
                "period": "2023-04-18T04",
                "subba": "ZONE",
                "subba-name": "Mohawk Valley - NYIS",
                "parent": "NYIS",
                "parent-name": "New York Independent System Operator",
                "value": "649",
                "value-units": "megawatthours"
            },
            {
                "period": "2023-04-18T04",
                "subba": "ZONF",
                "subba-name": "Capital - NYIS",
                "parent": "NYIS",
                "parent-name": "New York Independent System Operator",
                "value": "992",
                "value-units": "megawatthours"
            },
            {
                "period": "2023-04-18T04",
                "subba": "ZONG",
                "subba-name": "Hudson Valley - NYIS",
                "parent": "NYIS",
                "parent-name": "New York Independent System Operator",
                "value": "862",
                "value-units": "megawatthours"
            },
            {
                "period": "2023-04-18T04",
                "subba": "ZONH",
                "subba-name": "Millwood - NYIS",
                "parent": "NYIS",
                "parent-name": "New York Independent System Operator",
                "value": "215",
                "value-units": "megawatthours"
            },
            {
                "period": "2023-04-18T04",
                "subba": "ZONI",
                "subba-name": "Dunwoodie - NYIS",
                "parent": "NYIS",
                "parent-name": "New York Independent System Operator",
                "value": "446",
                "value-units": "megawatthours"
            },
            {
                "period": "2023-04-18T04",
                "subba": "ZONJ",
                "subba-name": "New York City - NYIS",
                "parent": "NYIS",
                "parent-name": "New York Independent System Operator",
                "value": "4460",
                "value-units": "megawatthours"
            },
            {
                "period": "2023-04-18T04",
                "subba": "ZONK",
                "subba-name": "Long Island - NYIS",
                "parent": "NYIS",
                "parent-name": "New York Independent System Operator",
                "value": "1684",
                "value-units": "megawatthours"
            },
            {
                "period": "2023-04-18T03",
                "subba": "ZONA",
                "subba-name": "West - NYIS",
                "parent": "NYIS",
                "parent-name": "New York Independent System Operator",
                "value": "1531",
                "value-units": "megawatthours"
            },
            {
                "period": "2023-04-18T03",
                "subba": "ZONB",
                "subba-name": "Genesee - NYIS",
                "parent": "NYIS",
                "parent-name": "New York Independent System Operator",
                "value": "963",
                "value-units": "megawatthours"
            },
            {
                "period": "2023-04-18T03",
                "subba": "ZONC",
                "subba-name": "Central - NYIS",
                "parent": "NYIS",
                "parent-name": "New York Independent System Operator",
                "value": "1469",
                "value-units": "megawatthours"
            },
            {
                "period": "2023-04-18T03",
                "subba": "ZOND",
                "subba-name": "North - NYIS",
                "parent": "NYIS",
                "parent-name": "New York Independent System Operator",
                "value": "616",
                "value-units": "megawatthours"
            },
            {
                "period": "2023-04-18T03",
                "subba": "ZONE",
                "subba-name": "Mohawk Valley - NYIS",
                "parent": "NYIS",
                "parent-name": "New York Independent System Operator",
                "value": "699",
                "value-units": "megawatthours"
            },
            {
                "period": "2023-04-18T03",
                "subba": "ZONF",
                "subba-name": "Capital - NYIS",
                "parent": "NYIS",
                "parent-name": "New York Independent System Operator",
                "value": "1062",
                "value-units": "megawatthours"
            },
            {
                "period": "2023-04-18T03",
                "subba": "ZONG",
                "subba-name": "Hudson Valley - NYIS",
                "parent": "NYIS",
                "parent-name": "New York Independent System Operator",
                "value": "925",
                "value-units": "megawatthours"
            },
            {
                "period": "2023-04-18T03",
                "subba": "ZONH",
                "subba-name": "Millwood - NYIS",
                "parent": "NYIS",
                "parent-name": "New York Independent System Operator",
                "value": "244",
                "value-units": "megawatthours"
            },
            {
                "period": "2023-04-18T03",
                "subba": "ZONI",
                "subba-name": "Dunwoodie - NYIS",
                "parent": "NYIS",
                "parent-name": "New York Independent System Operator",
                "value": "488",
                "value-units": "megawatthours"
            },
            {
                "period": "2023-04-18T03",
                "subba": "ZONJ",
                "subba-name": "New York City - NYIS",
                "parent": "NYIS",
                "parent-name": "New York Independent System Operator",
                "value": "4789",
                "value-units": "megawatthours"
            },
            {
                "period": "2023-04-18T03",
                "subba": "ZONK",
                "subba-name": "Long Island - NYIS",
                "parent": "NYIS",
                "parent-name": "New York Independent System Operator",
                "value": "1846",
                "value-units": "megawatthours"
            },
            {
                "period": "2023-04-18T02",
                "subba": "ZONA",
                "subba-name": "West - NYIS",
                "parent": "NYIS",
                "parent-name": "New York Independent System Operator",
                "value": "1604",
                "value-units": "megawatthours"
            },
            {
                "period": "2023-04-18T02",
                "subba": "ZONB",
                "subba-name": "Genesee - NYIS",
                "parent": "NYIS",
                "parent-name": "New York Independent System Operator",
                "value": "1029",
                "value-units": "megawatthours"
            },
            {
                "period": "2023-04-18T02",
                "subba": "ZONC",
                "subba-name": "Central - NYIS",
                "parent": "NYIS",
                "parent-name": "New York Independent System Operator",
                "value": "1558",
                "value-units": "megawatthours"
            },
            {
                "period": "2023-04-18T02",
                "subba": "ZOND",
                "subba-name": "North - NYIS",
                "parent": "NYIS",
                "parent-name": "New York Independent System Operator",
                "value": "634",
                "value-units": "megawatthours"
            },
            {
                "period": "2023-04-18T02",
                "subba": "ZONE",
                "subba-name": "Mohawk Valley - NYIS",
                "parent": "NYIS",
                "parent-name": "New York Independent System Operator",
                "value": "757",
                "value-units": "megawatthours"
            },
            {
                "period": "2023-04-18T02",
                "subba": "ZONF",
                "subba-name": "Capital - NYIS",
                "parent": "NYIS",
                "parent-name": "New York Independent System Operator",
                "value": "1146",
                "value-units": "megawatthours"
            },
            {
                "period": "2023-04-18T02",
                "subba": "ZONG",
                "subba-name": "Hudson Valley - NYIS",
                "parent": "NYIS",
                "parent-name": "New York Independent System Operator",
                "value": "999",
                "value-units": "megawatthours"
            },
            {
                "period": "2023-04-18T02",
                "subba": "ZONH",
                "subba-name": "Millwood - NYIS",
                "parent": "NYIS",
                "parent-name": "New York Independent System Operator",
                "value": "268",
                "value-units": "megawatthours"
            },
            {
                "period": "2023-04-18T02",
                "subba": "ZONI",
                "subba-name": "Dunwoodie - NYIS",
                "parent": "NYIS",
                "parent-name": "New York Independent System Operator",
                "value": "526",
                "value-units": "megawatthours"
            },
            {
                "period": "2023-04-18T02",
                "subba": "ZONJ",
                "subba-name": "New York City - NYIS",
                "parent": "NYIS",
                "parent-name": "New York Independent System Operator",
                "value": "5087",
                "value-units": "megawatthours"
            },
            {
                "period": "2023-04-18T02",
                "subba": "ZONK",
                "subba-name": "Long Island - NYIS",
                "parent": "NYIS",
                "parent-name": "New York Independent System Operator",
                "value": "2012",
                "value-units": "megawatthours"
            },
            {
                "period": "2023-04-18T01",
                "subba": "ZONA",
                "subba-name": "West - NYIS",
                "parent": "NYIS",
                "parent-name": "New York Independent System Operator",
                "value": "1661",
                "value-units": "megawatthours"
            },
            {
                "period": "2023-04-18T01",
                "subba": "ZONB",
                "subba-name": "Genesee - NYIS",
                "parent": "NYIS",
                "parent-name": "New York Independent System Operator",
                "value": "1083",
                "value-units": "megawatthours"
            },
            {
                "period": "2023-04-18T01",
                "subba": "ZONC",
                "subba-name": "Central - NYIS",
                "parent": "NYIS",
                "parent-name": "New York Independent System Operator",
                "value": "1668",
                "value-units": "megawatthours"
            },
            {
                "period": "2023-04-18T01",
                "subba": "ZOND",
                "subba-name": "North - NYIS",
                "parent": "NYIS",
                "parent-name": "New York Independent System Operator",
                "value": "651",
                "value-units": "megawatthours"
            },
            {
                "period": "2023-04-18T01",
                "subba": "ZONE",
                "subba-name": "Mohawk Valley - NYIS",
                "parent": "NYIS",
                "parent-name": "New York Independent System Operator",
                "value": "793",
                "value-units": "megawatthours"
            },
            {
                "period": "2023-04-18T01",
                "subba": "ZONF",
                "subba-name": "Capital - NYIS",
                "parent": "NYIS",
                "parent-name": "New York Independent System Operator",
                "value": "1213",
                "value-units": "megawatthours"
            },
            {
                "period": "2023-04-18T01",
                "subba": "ZONG",
                "subba-name": "Hudson Valley - NYIS",
                "parent": "NYIS",
                "parent-name": "New York Independent System Operator",
                "value": "1057",
                "value-units": "megawatthours"
            },
            {
                "period": "2023-04-18T01",
                "subba": "ZONH",
                "subba-name": "Millwood - NYIS",
                "parent": "NYIS",
                "parent-name": "New York Independent System Operator",
                "value": "282",
                "value-units": "megawatthours"
            },
            {
                "period": "2023-04-18T01",
                "subba": "ZONI",
                "subba-name": "Dunwoodie - NYIS",
                "parent": "NYIS",
                "parent-name": "New York Independent System Operator",
                "value": "555",
                "value-units": "megawatthours"
            },
            {
                "period": "2023-04-18T01",
                "subba": "ZONJ",
                "subba-name": "New York City - NYIS",
                "parent": "NYIS",
                "parent-name": "New York Independent System Operator",
                "value": "5295",
                "value-units": "megawatthours"
            },
            {
                "period": "2023-04-18T01",
                "subba": "ZONK",
                "subba-name": "Long Island - NYIS",
                "parent": "NYIS",
                "parent-name": "New York Independent System Operator",
                "value": "2144",
                "value-units": "megawatthours"
            },
            {
                "period": "2023-04-18T00",
                "subba": "ZONA",
                "subba-name": "West - NYIS",
                "parent": "NYIS",
                "parent-name": "New York Independent System Operator",
                "value": "1650",
                "value-units": "megawatthours"
            },
            {
                "period": "2023-04-18T00",
                "subba": "ZONB",
                "subba-name": "Genesee - NYIS",
                "parent": "NYIS",
                "parent-name": "New York Independent System Operator",
                "value": "1083",
                "value-units": "megawatthours"
            },
            {
                "period": "2023-04-18T00",
                "subba": "ZONC",
                "subba-name": "Central - NYIS",
                "parent": "NYIS",
                "parent-name": "New York Independent System Operator",
                "value": "1701",
                "value-units": "megawatthours"
            },
            {
                "period": "2023-04-18T00",
                "subba": "ZOND",
                "subba-name": "North - NYIS",
                "parent": "NYIS",
                "parent-name": "New York Independent System Operator",
                "value": "638",
                "value-units": "megawatthours"
            },
            {
                "period": "2023-04-18T00",
                "subba": "ZONE",
                "subba-name": "Mohawk Valley - NYIS",
                "parent": "NYIS",
                "parent-name": "New York Independent System Operator",
                "value": "796",
                "value-units": "megawatthours"
            },
            {
                "period": "2023-04-18T00",
                "subba": "ZONF",
                "subba-name": "Capital - NYIS",
                "parent": "NYIS",
                "parent-name": "New York Independent System Operator",
                "value": "1219",
                "value-units": "megawatthours"
            },
            {
                "period": "2023-04-18T00",
                "subba": "ZONG",
                "subba-name": "Hudson Valley - NYIS",
                "parent": "NYIS",
                "parent-name": "New York Independent System Operator",
                "value": "1053",
                "value-units": "megawatthours"
            },
            {
                "period": "2023-04-18T00",
                "subba": "ZONH",
                "subba-name": "Millwood - NYIS",
                "parent": "NYIS",
                "parent-name": "New York Independent System Operator",
                "value": "284",
                "value-units": "megawatthours"
            },
            {
                "period": "2023-04-18T00",
                "subba": "ZONI",
                "subba-name": "Dunwoodie - NYIS",
                "parent": "NYIS",
                "parent-name": "New York Independent System Operator",
                "value": "558",
                "value-units": "megawatthours"
            },
            {
                "period": "2023-04-18T00",
                "subba": "ZONJ",
                "subba-name": "New York City - NYIS",
                "parent": "NYIS",
                "parent-name": "New York Independent System Operator",
                "value": "5393",
                "value-units": "megawatthours"
            },
            {
                "period": "2023-04-18T00",
                "subba": "ZONK",
                "subba-name": "Long Island - NYIS",
                "parent": "NYIS",
                "parent-name": "New York Independent System Operator",
                "value": "2112",
                "value-units": "megawatthours"
            }
        ],
        "description": "Hourly demand by balancing authority subregion.  \n    Source: Form EIA-930\n    Product: Hourly Electric Grid Monitor"
    },
    "request": {
        "command": "/v2/electricity/rto/region-sub-ba-data/data/",
        "params": {
            "frequency": "hourly",
            "data": [
                "value"
            ],
            "sort": [
                {
                    "column": "period",
                    "direction": "desc"
                }
            ],
            "facets": {
                "parent": [
                    "NYIS"
                ]
            },
            "offset": "0",
            "length": "5000",
            "start": "2023-04-18",
            "end": "2023-04-19",
            "api_key": "dqRq8VpXSoyUrCbrPhuYFxGl6Rul9kmVcRshZ98c"
        }
    },
    "apiVersion": "2.1.8",
    "ExcelAddInVersion": "2.1.0"
}